Vendor Name,Retailer Name,Retailer VendorID,Vendor Store Number,Retailer Store Number,Fintech Process Date,Invoice Date,Invoice DueDate,Invoice Number,Invoice Amount,Invoice Item Count,PO Number,PO Date,Reference Invoice Number,Product Number,Quantity,Invoice Line Item Cost,Unit Of Measure,Product Volume,Case UPC,Product Description,Discount Adjustment Total,DepositAdjustmentTotal,Miscellaneous Adjustment Total,Tax Adjustment Total,Delivery Adjustment Total,Extended Price,Packs Per Case,Clean UPC,Pack UPC,Product Class,GL Code,Expanded StoreID,Units Per Pack
"Republic National Dist - Lafayette","Demo Retailer","500052","8055458","000014","03/27/2014","03/27/2014","04/09/2014","00410050","-125.88","1",,,"2534909","500202","-1","152.88","CA",,"099988071188","FOLIE A DEUX SON P NOIR","0","0","27","0","0","-125.88",,,,,"3200-170-173",,"12"
"Republic National Dist - Lafayette","Demo Retailer","500052","8055458","000014","03/27/2014","03/27/2014","04/09/2014","00410102","-29.37","1","123",,"2534907","125284","-3","11.39","BO",,"718742000058","PASCUAL TOSO MALBEC","0","0","4.8","0","0","-29.37",,,,,"3200-170-173",,"12"
"Republic National Dist - Lafayette","Demo Retailer","500052","8055458","000014","03/27/2014","03/27/2014","03/26/2014","00410103","-43.14","1","PkUp #18599",,"2523740","52052","-1","43.14","CA",,"88940000106","TAYLOR GOLD SHERRY","0","0","0","0","0","-43.14",,,,,"3200-170-173",,"6"
"Republic National Dist - Lafayette","Demo Retailer","400052","8055460","000008","03/27/2014","03/27/2014","04/09/2014","00410051","-213.24","1","Pelican",,"2534913","312093","-1","213.24","CA",,"080432900703","GLENLIVET 12YR","0","0","0","0","0","-213.24",,,,,"3200-170-173",,"6"
"Republic National Dist - Lafayette","Demo Retailer","00700052","8056871","000007","03/27/2014","03/27/2014","04/09/2014","00410057","-603.96","5",,,"2534946","152144","-1","109.2","CA","750 ml","081434500090","Blackstone Cabernet Sauvignon","0","0","22.92","0","0","-86.28","1","00081434500090","00081434500090","Wine","3200-170-173",,"12"
"Republic National Dist - Lafayette","Demo Retailer","00700052","8056871","000007","03/27/2014","03/27/2014","04/09/2014","00410057","-603.96","5",,,"2534946","152064","-1","109.2","CA","750 ml","081434000590","Blackstone Chardonnay Monterey","0","0","22.92","0","0","-86.28","1","00081434000590","00081434000590","Wine","3200-170-173",,"12"
"Republic National Dist - Lafayette","Demo Retailer","00700052","8056871","000007","03/27/2014","03/27/2014","04/09/2014","00410057","-603.96","5",,,"2534946","152034","-1","109.2","CA",,"081434500670","BLACKSTONE P GRIGIO WMS","0","0","22.92","0","0","-86.28",,,,,"3200-170-173",,"12"
"Republic National Dist - Lafayette","Demo Retailer","00700052","8056871","000007","03/27/2014","03/27/2014","04/09/2014","00410057","-603.96","5",,,"2534946","152104","-1","123","CA","750 ml","081434500267","Blackstone Pinot Noir","0","0","36.72","0","0","-86.28","1","00081434500267","00081434500267","Wine","3200-170-173",,"12"
"Republic National Dist - Lafayette","Demo Retailer","00700052","8056871","000007","03/27/2014","03/27/2014","04/09/2014","00410057","-603.96","5",,,"2534946","152084","-3","109.2","CA","750 ml","081434500151","Blackstone Merlot California","0","0","68.76","0","0","-258.84","1","00081434500151","00081434500151","Wine","3200-170-173",,"12"
"Republic National Dist - Lafayette","Demo Retailer","00700052","8056871","000007","03/27/2014","03/27/2014","04/11/2014","02537412","400.15","5",,,,"354462","3","16.59","BO","750 ml","811538013024","Kraken Blk Spiced Rum","0","0","-4.38","0","0","45.39","1","00811538013024","00811538013024","Spirits","3200-170-171",,"12"
"Republic National Dist - Lafayette","Demo Retailer","00700052","8056871","000007","03/27/2014","03/27/2014","04/11/2014","02537412","400.15","5",,,,"12576","4","9.77","BO",,"0811538010887","JOSE CUERVO GOLD TEQ ESP","0","0","0","0","0","39.08",,,,,"3200-170-171",,"24"
"Republic National Dist - Lafayette","Demo Retailer","00700052","8056871","000007","03/27/2014","03/27/2014","04/11/2014","02537412","400.15","5",,,,"270104","1","221.28","CA",,"083664871766","STOLI 80","0","0","-24.48","0","0","196.8",,,,,"3200-170-171",,"12"
"Republic National Dist - Lafayette","Demo Retailer","00700052","8056871","000007","03/27/2014","03/27/2014","04/11/2014","02537412","400.15","5",,,,"311692","1","109.44","CA","1.75 l","080432401262","Seagrams Gin Extra Dry","0","0","-10.32","0","0","99.12","1","00080432401262","00080432401262","Spirits","3200-170-173",,"6"
"Republic National Dist - Lafayette","Demo Retailer","00700052","8056871","000007","03/27/2014","03/27/2014","04/11/2014","02537412","400.15","5",,,,"12457","4","6.16","BO",,"811538010924","JOSE CUERVO GOLD TEQ ESP","0","0","-4.88","0","0","19.76",,,,,"3200-170-171",,"48"
"Republic National Dist - Lafayette","Demo Retailer","00700052","8056871","000007","03/27/2014","03/27/2014","04/11/2014","02537413","203.8","4",,,,"801252","1","47.94","CA","1.5 l","088232001811","Vendange Cabernet Sauvignon","0","0","-10.34","0","0","37.6","1","00088232001811","00088232001811","Wine","3200-170-173",,"6"
"Republic National Dist - Lafayette","Demo Retailer","00700052","8056871","000007","03/27/2014","03/27/2014","04/11/2014","02537413","203.8","4",,,,"51499","1","22.44","CA",,"999999999999","RICH WILD IRISH ROSE RED","0","0","0","0","0","22.44",,,,,"3200-170-173",,"6"
"Republic National Dist - Lafayette","Demo Retailer","00700052","8056871","000007","03/27/2014","03/27/2014","04/11/2014","02537413","203.8","4",,,,"52084","1","52.68","CA",,"088940110010","TAYLOR MARSALA","0","0","-4.8","0","0","47.88",,,,,"3200-170-173",,"12"
"Republic National Dist - Lafayette","Demo Retailer","00700052","8056871","000007","03/27/2014","03/27/2014","04/11/2014","02537413","203.8","4",,,,"42020","1","110.28","CA","750 ml","086003002692","Robert Mondavi Private Select Pinot Grigio","0","0","-14.4","0","0","95.88","1","00086003002692","00086003002692","Wine","3200-170-173",,"12"
"Republic National Dist - Lafayette","Demo Retailer","00700052","8056871","000007","03/27/2014","03/27/2014","03/28/2014","02537414","70.55","2",,,,"51142","1","38.2","CA",,"082100179060","ARBOR MIST EXOTIC FRT WHT ZIN","0","0","-4.65","0","0","33.55",,,,,"3200-170-173",,"6"
"Republic National Dist - Lafayette","Demo Retailer","00700052","8056871","000007","03/27/2014","03/27/2014","03/28/2014","02537414","70.55","2",,,,"51684","1","40.7","CA","750 ml","082100179237","Arbor Mist Blackberry Merlot","0","0","-3.7","0","0","37","1","00082100179237","00082100179237","Wine","3200-170-173",,"12"
"Republic National Dist - Lafayette","Demo Retailer","00700052","8056871","000007","03/27/2014","03/27/2014","04/11/2014","02537415","37.2","1",,,,"941303","1","37.2","CA",,"070491040137","MSTR MIX BIG BCKT MARG","0","0","0","0","0","37.2",,,,,"3200-100-101",,"6"
"Republic National Dist - Lafayette","Demo Retailer","00700052","8056871","000007","03/27/2014","03/27/2014","04/11/2014","02537416","341.64","1",,,,"500154","3","152.88","CA",,"099988071072","FOLIE A DEUX SON CHARD","0","0","-117","0","0","341.64",,,,,"3200-170-173",,"12"
"Republic National Dist - Lafayette","Demo Retailer","00700052","8056871","000007","03/27/2014","03/27/2014","04/11/2014","02537417","3792.96","6","111",,,"171279","3","95.88","CA","750 ml","088586004162","Chateau Ste. Michelle Riesling","0","0","-72","0","0","215.64","1","00088586004162","00088586004162","Wine","3200-170-173",,"12"
"Republic National Dist - Lafayette","Demo Retailer","00700052","8056871","000007","03/27/2014","03/27/2014","04/11/2014","02537417","3792.96","6","111",,,"171644","5","95.88","CA","750 ml","088586621840","Chateau Ste. Michelle Harvest Select Riesling","0","0","-120","0","0","359.4","1","00088586621840","00088586621840","Wine","3200-170-173",,"12"
"Republic National Dist - Lafayette","Demo Retailer","00700052","8056871","000007","03/27/2014","03/27/2014","04/11/2014","02537417","3792.96","6","111",,,"171264","3","146.64","CA","750 ml","088586602832","Chateau Ste. Michelle Merlot","0","0","-89.28","0","0","350.64","1","00088586602832","00088586602832","Wine","3200-170-173",,"12"
"Republic National Dist - Lafayette","Demo Retailer","00700052","8056871","000007","03/27/2014","03/27/2014","04/11/2014","02537417","3792.96","6","111",,,"171324","3","146.64","CA","750 ml","088586601835","Chateau Ste. Michelle Cabernet Sauvignon","0","0","-89.28","0","0","350.64","1","00088586601835","00088586601835","Wine","3200-170-173",,"12"
"Republic National Dist - Lafayette","Demo Retailer","00700052","8056871","000007","03/27/2014","03/27/2014","04/11/2014","02537417","3792.96","6","111",,,"171174","8","115.08","CA","750 ml","088586603846","Chateau Ste. Michelle Chardonnay","0","0","-201.6","0","0","719.04","1","00088586603846","00088586603846","Wine","3200-170-173",,"12"
"Republic National Dist - Lafayette","Demo Retailer","00700052","8056871","000007","03/27/2014","03/27/2014","04/11/2014","02537417","3792.96","6","111",,,"500194","20","116.88","CA","750 ml","099988071096","Menage A Trois Red","0","0","-540","0","0","1797.6","1","00099988071096","00099988071096","Wine","3200-170-173",,"12"
"Republic National Dist - Lafayette","Demo Retailer","00700052","8056871","000007","03/27/2014","03/27/2014","04/11/2014","02537418","702.78","7","411",,,"48157","1","60.76","CA",,"080120281633","ALMADEN P GRIGIO","0","0","-6.4","0","0","54.36",,,,,"3200-170-173",,"4"
"Republic National Dist - Lafayette","Demo Retailer","00700052","8056871","000007","03/27/2014","03/27/2014","04/11/2014","02537418","702.78","7","411",,,"108274","1","63","CA","750 ml","088320341034","Real Sangria","0","0","-5.52","0","0","57.48","1","00088320341034","00088320341034","Wine","3200-170-173",,"12"
"Republic National Dist - Lafayette","Demo Retailer","00700052","8056871","000007","03/27/2014","03/27/2014","04/11/2014","02537418","702.78","7","411",,,"62722","1","41.28","CA",,"041985311842","CORBETT CANYON CAB","0","0","-2.94","0","0","38.34",,,,,"3200-170-173",,"6"
"Republic National Dist - Lafayette","Demo Retailer","00700052","8056871","000007","03/27/2014","03/27/2014","04/11/2014","02537418","702.78","7","411",,,"114312","1","35.94","CA","187 ml","085200518746","Sutter Home Cabernet Sauvignon","0","0","-10.8","0","0","25.14","6","00085200518746","00085200518746","Wine","3200-170-173",,"4"
"Republic National Dist - Lafayette","Demo Retailer","00700052","8056871","000007","03/27/2014","03/27/2014","04/11/2014","02537418","702.78","7","411",,,"114000","1","134.88","CA","750 ml","894509060005","The Show Cabernet Sauvignon","0","0","-10.2","0","0","124.68","1","00894509060005","00894509060005","Wine","3200-170-173",,"12"
"Republic National Dist - Lafayette","Demo Retailer","00700052","8056871","000007","03/27/2014","03/27/2014","04/11/2014","02537418","702.78","7","411",,,"500202","3","152.88","CA",,"099988071188","FOLIE A DEUX SON P NOIR","0","0","-81","0","0","377.64",,,,,"3200-170-173",,"12"
"Republic National Dist - Lafayette","Demo Retailer","00700052","8056871","000007","03/27/2014","03/27/2014","04/11/2014","02537418","702.78","7","411",,,"114380","1","35.94","CA","187 ml","085200218745","Sutter Home Merlot","0","0","-10.8","0","0","25.14","6","00085200218745","00085200218745","Wine","3200-170-173",,"4"
"Republic National Dist - Lafayette","Demo Retailer","00700052","8056871","000007","03/27/2014","03/27/2014","04/11/2014","02537419","32.38","1","985",,,"288331","2","17.67","BO",,"040951147119","ST SUPERY CHARD","0","0","-2.96","0","0","32.38",,,,,"3200-170-173",,"12"
"Republic National Dist - Lafayette","Demo Retailer","00700052","8056871","000007","03/27/2014","03/27/2014","04/11/2014","02537420","671.4","11","321",,,"115136","1","58.44","CA",,"085200001187","SUTTER HOME RED MOSCATO","0","0","-14.46","0","0","43.98",,,,,"3200-170-173",,"6"
"Republic National Dist - Lafayette","Demo Retailer","00700052","8056871","000007","03/27/2014","03/27/2014","04/11/2014","02537420","671.4","11","321",,,"114822","1","58.44","CA","1.5 l","00085200000685","Sutter Home Pinot Grigio","0","0","-14.46","0","0","43.98","1","00085200000685","00085200000685","Wine","3200-170-173",,"6"
"Republic National Dist - Lafayette","Demo Retailer","00700052","8056871","000007","03/27/2014","03/27/2014","04/11/2014","02537420","671.4","11","321",,,"115050","1","58.44","CA",,"085200000982","SUTTER HOME PINK MOSCATO","0","0","-14.46","0","0","43.98",,,,,"3200-170-173",,"6"
"Republic National Dist - Lafayette","Demo Retailer","00700052","8056871","000007","03/27/2014","03/27/2014","04/11/2014","02537420","671.4","11","321",,,"114439","1","58.44","CA",,"085200000760","SUTTER HOME SWT RED","0","0","-14.46","0","0","43.98",,,,,"3200-170-173",,"6"
"Republic National Dist - Lafayette","Demo Retailer","00700052","8056871","000007","03/27/2014","03/27/2014","04/11/2014","02537420","671.4","11","321",,,"114372","1","58.44","CA","1.5 l","085200000548","Sutter Home Merlot","0","0","-14.46","0","0","43.98","1","00085200000548","00085200000548","Wine","3200-170-173",,"6"
"Republic National Dist - Lafayette","Demo Retailer","00700052","8056871","000007","03/27/2014","03/27/2014","04/11/2014","02537420","671.4","11","321",,,"115133","1","62.88","CA",,"085200001163","SUTTER HOME RED MOSCATO","0","0","-15","0","0","47.88",,,,,"3200-170-173",,"12"
"Republic National Dist - Lafayette","Demo Retailer","00700052","8056871","000007","03/27/2014","03/27/2014","04/11/2014","02537420","671.4","11","321",,,"114382","1","58.44","CA","1.5 l","085200000623","Sutter Home Moscato","0","0","-14.46","0","0","43.98","1","00085200000623","00085200000623","Wine","3200-170-173",,"6"
"Republic National Dist - Lafayette","Demo Retailer","00700052","8056871","000007","03/27/2014","03/27/2014","04/11/2014","02537420","671.4","11","321",,,"114440","1","62.88","CA","750 ml","085200100873","Sutter Home Light Red","0","0","-15","0","0","47.88","1","00085200000753","00085200000753","Wine","3200-170-173",,"12"
"Republic National Dist - Lafayette","Demo Retailer","00700052","8056871","000007","03/27/2014","03/27/2014","04/11/2014","02537420","671.4","11","321",,,"114842","1","58.44","CA",,"085200000630","SUTTER HOME WHT MERLOT","0","0","-14.46","0","0","43.98",,,,,"3200-170-173",,"6"
"Republic National Dist - Lafayette","Demo Retailer","00700052","8056871","000007","03/27/2014","03/27/2014","04/11/2014","02537420","671.4","11","321",,,"114394","1","62.88","CA","750 ml","085200000296","Sutter Home White Zinfandel","0","0","-15","0","0","47.88","1","00085200000296","00085200000296","Wine","3200-170-173",,"12"
"Republic National Dist - Lafayette","Demo Retailer","00700052","8056871","000007","03/27/2014","03/27/2014","04/11/2014","02537420","671.4","11","321",,,"114392","5","58.44","CA","1.5 l","085200000593","Sutter Home White Zinfandel","0","0","-72.3","0","0","219.9","1","00085200000593","00085200000593","Wine","3200-170-173",,"6"
"Republic National Dist - Lafayette","Demo Retailer","400052","8056872","000002","03/27/2014","03/27/2014","04/11/2014","02537421","1419.6","28",,,,"242273","1","52.68","CA",,"081054394444","CRANE LAKE P NOIR","0","0","-14.4","0","0","38.28",,,,,"3200-170-173",,"12"
"Republic National Dist - Lafayette","Demo Retailer","400052","8056872","000002","03/27/2014","03/27/2014","04/11/2014","02537421","1419.6","28",,,,"152064","1","109.2","CA","750 ml","081434000590","Blackstone Chardonnay Monterey","0","0","-22.92","0","0","86.28","1","00081434000590","00081434000590","Wine","3200-170-173",,"12"
"Republic National Dist - Lafayette","Demo Retailer","400052","8056872","000002","03/27/2014","03/27/2014","04/11/2014","02537421","1419.6","28",,,,"491304","3","16.99","BO","750 ml","739958014509","Coppola Pinot Noir","0","0","-15","0","0","35.97","1","00739958014509","00739958014509","Wine","3200-170-173",,"12"
"Republic National Dist - Lafayette","Demo Retailer","400052","8056872","000002","03/27/2014","03/27/2014","04/11/2014","02537421","1419.6","28",,,,"172214","2","10.19","BO","750 ml","087754000159","Hogue Late Harvest White Riesling","0","0","-5.6","0","0","14.78","1","00087754000159","00087754000159","Wine","3200-170-173",,"12"
"Republic National Dist - Lafayette","Demo Retailer","400052","8056872","000002","03/27/2014","03/27/2014","04/11/2014","02537421","1419.6","28",,,,"114936","3","6.24","BO","750 ml","085200000968","Sutter Home Pink Moscato","0","0","-3.75","0","0","14.97","1","00085200000968","00085200000968","Wine","3200-170-173",,"12"
"Republic National Dist - Lafayette","Demo Retailer","400052","8056872","000002","03/27/2014","03/27/2014","04/11/2014","02537421","1419.6","28",,,,"170613","3","8.21","BO","750 ml","088586403866","Columbia Crest Chardonnay Two Vines","0","0","-5.91","0","0","18.72","1","00088586403866","00088586403866","Wine","3200-170-173",,"12"
"Republic National Dist - Lafayette","Demo Retailer","400052","8056872","000002","03/27/2014","03/27/2014","04/11/2014","02537421","1419.6","28",,,,"42172","1","57.54","CA",,"086003843851","WOODBRIDGE WHT ZIN","0","0","-9.6","0","0","47.94",,,,,"3200-170-173",,"6"
"Republic National Dist - Lafayette","Demo Retailer","400052","8056872","000002","03/27/2014","03/27/2014","04/11/2014","02537421","1419.6","28",,,,"50854","1","87.7","CA",,"083804047235","COOKS DRY CHAMP","0","0","-11","0","0","76.7",,,,,"3200-170-173",,"12"
"Republic National Dist - Lafayette","Demo Retailer","400052","8056872","000002","03/27/2014","03/27/2014","04/11/2014","02537421","1419.6","28",,,,"170758","4","12.19","BO","750 ml","10088586003445","Columbia Crest H3 Cabernet Sauvignon","0","0","-8.8","0","0","39.96","1","00088586003448","00088586003448","Wine","3200-170-173",,"12"
"Republic National Dist - Lafayette","Demo Retailer","400052","8056872","000002","03/27/2014","03/27/2014","04/11/2014","02537421","1419.6","28",,,,"247472","4","11.39","BO",,"082242523431","HANDCRAFT P NOIR","0","0","-12.8","0","0","32.76",,,,,"3200-170-173",,"12"
"Republic National Dist - Lafayette","Demo Retailer","400052","8056872","000002","03/27/2014","03/27/2014","04/11/2014","02537421","1419.6","28",,,,"62374","1","129.48","CA","750 ml","08130859207","Cupcake Chardonnay","0","0","-45.48","0","0","84","1","00081308592077","00081308592077","Wine","3200-170-173",,"12"
"Republic National Dist - Lafayette","Demo Retailer","400052","8056872","000002","03/27/2014","03/27/2014","04/11/2014","02537421","1419.6","28",,,,"55774","4","16.19","BO","750 ml","088415784050","Simi Alexander Valley Chardonnay","0","0","-9.6","0","0","55.16","1","00088415784050","00088415784050","Wine","3200-170-173",,"12"
"Republic National Dist - Lafayette","Demo Retailer","400052","8056872","000002","03/27/2014","03/27/2014","04/11/2014","02537421","1419.6","28",,,,"63087","2","54.36","CA","5 l","083120100195","Franzia Merlot","0","0","-12.8","0","0","95.92","1","00083120100195","00083120100195","Wine","3200-170-173",,"4"
"Republic National Dist - Lafayette","Demo Retailer","400052","8056872","000002","03/27/2014","03/27/2014","04/11/2014","02537421","1419.6","28",,,,"171264","1","146.64","CA","750 ml","088586602832","Chateau Ste. Michelle Merlot","0","0","-29.76","0","0","116.88","1","00088586602832","00088586602832","Wine","3200-170-173",,"12"
"Republic National Dist - Lafayette","Demo Retailer","400052","8056872","000002","03/27/2014","03/27/2014","04/11/2014","02537421","1419.6","28",,,,"63147","1","54.36","CA","5 l","083120103196","Franzia White Zinfandel","0","0","-6.4","0","0","47.96","1","00083120103196","00083120103196","Wine","3200-170-173",,"4"
"Republic National Dist - Lafayette","Demo Retailer","400052","8056872","000002","03/27/2014","03/27/2014","04/11/2014","02537421","1419.6","28",,,,"180152","1","81.54","CA","1.5 l","086785000039","Cavit Pinot Grigio","0","0","-28.8","0","0","52.74","1","00086785000039","00086785000039","Wine","3200-170-173",,"6"
"Republic National Dist - Lafayette","Demo Retailer","400052","8056872","000002","03/27/2014","03/27/2014","04/11/2014","02537421","1419.6","28",,,,"62022","1","43.14","CA","1.5 l","085904195502","Mogen David Blackberry","0","0","-4.8","0","0","38.34","1","00085904195502","00085904195502","Wine","3200-170-173",,"6"
"Republic National Dist - Lafayette","Demo Retailer","400052","8056872","000002","03/27/2014","03/27/2014","04/11/2014","02537421","1419.6","28",,,,"101314","3","13.85","BO","750 ml","087356442128","Clos du Bois North Coast Pinot Noir","0","0","-7.38","0","0","34.17","1","00087356442128","00087356442128","Wine","3200-170-173",,"12"
"Republic National Dist - Lafayette","Demo Retailer","400052","8056872","000002","03/27/2014","03/27/2014","04/11/2014","02537421","1419.6","28",,,,"115133","3","6.24","BO",,"085200001163","SUTTER HOME RED MOSCATO","0","0","-3.75","0","0","14.97",,,,,"3200-170-173",,"12"
"Republic National Dist - Lafayette","Demo Retailer","400052","8056872","000002","03/27/2014","03/27/2014","04/11/2014","02537421","1419.6","28",,,,"170534","4","12.99","BO","750 ml","088586001895","14 Hands Cabernet Sauvignon","0","0","-12","0","0","39.96","1","00088586001895","00088586001895","Wine","3200-170-173",,"12"
"Republic National Dist - Lafayette","Demo Retailer","400052","8056872","000002","03/27/2014","03/27/2014","04/11/2014","02537421","1419.6","28",,,,"181630","4","10.39","BO",,"086785110738","ROSCATO RED","0","0","-3.2","0","0","38.36",,,,,"3200-170-173",,"12"
"Republic National Dist - Lafayette","Demo Retailer","400052","8056872","000002","03/27/2014","03/27/2014","04/11/2014","02537421","1419.6","28",,,,"115050","1","58.44","CA",,"085200000982","SUTTER HOME PINK MOSCATO","0","0","-14.46","0","0","43.98",,,,,"3200-170-173",,"6"
"Republic National Dist - Lafayette","Demo Retailer","400052","8056872","000002","03/27/2014","03/27/2014","04/11/2014","02537421","1419.6","28",,,,"152085","1","109.2","CA","750 ml","081434500151","Blackstone Merlot California","0","0","0","0","0","109.2","1","00081434500151","00081434500151","Wine","3200-170-173",,"12"
"Republic National Dist - Lafayette","Demo Retailer","400052","8056872","000002","03/27/2014","03/27/2014","04/11/2014","02537421","1419.6","28",,,,"251564","3","10.19","BO","750 ml","008088749396","Bogle Cabernet Sauvignon","0","0","-6.03","0","0","24.54","1","00080887493966","00080887493966","Wine","3200-170-173",,"12"
"Republic National Dist - Lafayette","Demo Retailer","400052","8056872","000002","03/27/2014","03/27/2014","04/11/2014","02537421","1419.6","28",,,,"9042","1","63.9","CA",,"082896110292","FETZER VO CHARD","0","0","-10.92","0","0","52.98",,,,,"3200-170-173",,"6"
"Republic National Dist - Lafayette","Demo Retailer","400052","8056872","000002","03/27/2014","03/27/2014","04/11/2014","02537421","1419.6","28",,,,"242233","1","52.68","CA",,"081054394802","CRANE LAKE RIES","0","0","-14.4","0","0","38.28",,,,,"3200-170-173",,"12"
"Republic National Dist - Lafayette","Demo Retailer","400052","8056872","000002","03/27/2014","03/27/2014","04/11/2014","02537421","1419.6","28",,,,"251594","1","95.88","CA",,"080887493928","BOGLE CHARD","0","0","-18.84","0","0","77.04",,,,,"3200-170-173",,"12"
"Republic National Dist - Lafayette","Demo Retailer","400052","8056872","000002","03/27/2014","03/27/2014","04/11/2014","02537421","1419.6","28",,,,"170779","4","12.19","BO",,"088586003431","COLUMBIA CRST H3 MERLOT","0","0","0","0","0","48.76",,,,,"3200-170-173",,"12"
"Republic National Dist - Lafayette","Demo Retailer","400052","8056872","000002","03/27/2014","03/27/2014","04/11/2014","02537422","1457.54","14","327",,,"5412","1","221.82","CA","1.75 l","00082184090428","Jack Daniels Black Label","0","0","0","0","0","221.82","1","00082184090428","00082184090428","Spirits","3200-170-171",,"6"
"Republic National Dist - Lafayette","Demo Retailer","400052","8056872","000002","03/27/2014","03/27/2014","04/11/2014","02537422","1457.54","14","327",,,"593174","4","17.4","BO",,"811538015196","THREE OLIVES VODKA","0","0","-12.36","0","0","57.24",,,,,"3200-170-171",,"12"
"Republic National Dist - Lafayette","Demo Retailer","400052","8056872","000002","03/27/2014","03/27/2014","04/11/2014","02537422","1457.54","14","327",,,"854432","1","58.5","CA",,"088004010829","MIM VODKA","0","0","0","0","0","58.5",,,,,"3200-170-171",,"6"
"Republic National Dist - Lafayette","Demo Retailer","400052","8056872","000002","03/27/2014","03/27/2014","04/11/2014","02537422","1457.54","14","327",,,"4212","1","208.83","CA","1.75 l","835229000605","Absolut Vodka","0","0","-15","0","0","193.83","1","00835229000605","00835229000605","Spirits","3200-170-171",,"6"
"Republic National Dist - Lafayette","Demo Retailer","400052","8056872","000002","03/27/2014","03/27/2014","04/11/2014","02537422","1457.54","14","327",,,"294785","1","91.14","CA",,"087236950033","MT GAY ECLIPSE RUM","0","0","0","0","0","91.14",,,,,"3200-170-171",,"6"
"Republic National Dist - Lafayette","Demo Retailer","400052","8056872","000002","03/27/2014","03/27/2014","04/11/2014","02537422","1457.54","14","327",,,"354102","1","122.94","CA","1.75 l","721059017503","Skyy Vodka","0","0","-4.88","0","0","118.06","1","00721059017503","00721059017503","Spirits","3200-170-171",,"6"
"Republic National Dist - Lafayette","Demo Retailer","400052","8056872","000002","03/27/2014","03/27/2014","04/11/2014","02537422","1457.54","14","327",,,"12694","1","197.52","CA",,"721059817509","WILD TURKEY AMERICAN HONEY","0","0","-10.7","0","0","186.82",,,,,"3200-170-171",,"12"
"Republic National Dist - Lafayette","Demo Retailer","400052","8056872","000002","03/27/2014","03/27/2014","04/11/2014","02537422","1457.54","14","327",,,"854282","1","75.42","CA",,"088004010126","TAAKA VODKA 80","0","0","0","0","0","75.42",,,,,"3200-170-171",,"6"
"Republic National Dist - Lafayette","Demo Retailer","400052","8056872","000002","03/27/2014","03/27/2014","04/11/2014","02537422","1457.54","14","327",,,"73436","4","6.36","BO","87.5 ml","080480015602","Bacardi Light","0","0","0","0","0","25.44","1","00080480015602","00080480015602","Spirits","3200-170-171",,"24"
"Republic National Dist - Lafayette","Demo Retailer","400052","8056872","000002","03/27/2014","03/27/2014","04/11/2014","02537422","1457.54","14","327",,,"12689","1","38.8","BO",,"721059811750","WILD TURKEY AMERICAN HONEY","0","0","-6.07","0","0","32.73",,,,,"3200-170-171",,"6"
"Republic National Dist - Lafayette","Demo Retailer","400052","8056872","000002","03/27/2014","03/27/2014","04/11/2014","02537422","1457.54","14","327",,,"311694","1","122.4","CA","750 ml","080432401231","Seagrams Gin Extra Dry","0","0","-11.64","0","0","110.76","1","00080432401231","00080432401231","Spirits","3200-170-173",,"12"
"Republic National Dist - Lafayette","Demo Retailer","400052","8056872","000002","03/27/2014","03/27/2014","04/11/2014","02537422","1457.54","14","327",,,"854284","1","72.72","CA",,"088004010140","TAAKA VODKA 80","0","0","0","0","0","72.72",,,,,"3200-170-171",,"12"
"Republic National Dist - Lafayette","Demo Retailer","400052","8056872","000002","03/27/2014","03/27/2014","04/11/2014","02537422","1457.54","14","327",,,"311692","1","109.44","CA","1.75 l","080432401262","Seagrams Gin Extra Dry","0","0","-10.32","0","0","99.12","1","00080432401262","00080432401262","Spirits","3200-170-173",,"6"
"Republic National Dist - Lafayette","Demo Retailer","400052","8056872","000002","03/27/2014","03/27/2014","04/11/2014","02537422","1457.54","14","327",,,"5302","1","128.94","CA","1.75 l","08854401891","Southern Comfort","0","0","-15","0","0","113.94","1","00088544018910","00088544018910","Spirits","3200-170-171",,"6"
"Republic National Dist - Lafayette","Demo Retailer","400052","8056872","000002","03/27/2014","03/27/2014","03/28/2014","02537423","57.28","2","327",,,"97207","1","31.08","CA",,"089540409962","KAHLUA WHT RUSSIAN RTD","0","0","0","0","0","31.08",,,,,"3200-170-171",,"24"
"Republic National Dist - Lafayette","Demo Retailer","400052","8056872","000002","03/27/2014","03/27/2014","03/28/2014","02537423","57.28","2","327",,,"7351","1","26.2","CA",,"082184226018","JDCC DOWNHOME PUNCH MALT","0","0","0","0","0","26.2",,,,,"3200-170-171",,"4"
"Republic National Dist - Lafayette","Demo Retailer","400052","8056872","000002","03/27/2014","03/27/2014","04/11/2014","02537424","109.73","4","327",,,"941183","1","34.44","CA",,"070491212923","MSTR MIX WHISKEY SOUR","0","0","0","0","0","34.44",,,,,"3200-100-101",,"12"
"Republic National Dist - Lafayette","Demo Retailer","400052","8056872","000002","03/27/2014","03/27/2014","04/11/2014","02537424","109.73","4","327",,,"18180","1","44.64","CA",,"082000755111","JOSE CUERVO LIGHT MARGARITA MX","0","0","-8.84","0","0","35.8",,,,,"3200-170-171",,"12"
"Republic National Dist - Lafayette","Demo Retailer","400052","8056872","000002","03/27/2014","03/27/2014","04/11/2014","02537424","109.73","4","327",,,"941456","4","2.67","BO",,"070491303065","MARTINI GOLD LEMON DROP MRTNI","0","0","0","0","0","10.68",,,,,"3200-100-101",,"12"
"Republic National Dist - Lafayette","Demo Retailer","400052","8056872","000002","03/27/2014","03/27/2014","04/11/2014","02537424","109.73","4","327",,,"19202","1","36.96","CA",,"082000725398","JOSE CUERVO MARGARITA MX","0","0","-8.15","0","0","28.81",,,,,"3200-170-171",,"6"
"Republic National Dist - Lafayette","Demo Retailer","900052","8059674","000009","03/27/2014","03/27/2014","04/11/2014","02537566","37.95","2",,,,"171174","2","10.59","BO","750 ml","088586603846","Chateau Ste. Michelle Chardonnay","0","0","-4.2","0","0","16.98","1","00088586603846","00088586603846","Wine","3200-170-173",,"12"
"Republic National Dist - Lafayette","Demo Retailer","900052","8059674","000009","03/27/2014","03/27/2014","04/11/2014","02537566","37.95","2",,,,"171644","3","8.99","BO","750 ml","088586621840","Chateau Ste. Michelle Harvest Select Riesling","0","0","-6","0","0","20.97","1","00088586621840","00088586621840","Wine","3200-170-173",,"12"
"Republic National Dist - Lafayette","Demo Retailer","900052","8059674","000009","03/27/2014","03/27/2014","03/28/2014","02537567","91.03","2",,,,"87864","1","67.08","CA","750 ml","038075202302","Verdi Spumante","0","0","-9.6","0","0","57.48","1","00038075802304","00038075802304","Wine","3200-170-173",,"12"
"Republic National Dist - Lafayette","Demo Retailer","900052","8059674","000009","03/27/2014","03/27/2014","03/28/2014","02537567","91.03","2",,,,"51162","1","38.2","CA",,"082100179077","ARBOR MIST STRAW WHT ZIN","0","0","-4.65","0","0","33.55",,,,,"3200-170-173",,"6"
"Republic National Dist - Lafayette","Demo Retailer","900052","8059674","000009","03/27/2014","03/27/2014","04/11/2014","02537568","1807.05","10","329",,,"848876","1","216.36","CA",,"849113000022","BAYOU SILVER RUM","0","0","-9.84","0","0","206.52",,,,,"3200-170-171",,"12"
"Republic National Dist - Lafayette","Demo Retailer","900052","8059674","000009","03/27/2014","03/27/2014","04/11/2014","02537568","1807.05","10","329",,,"854629","1","72.72","CA",,"088004006136","TAAKA PINK LEMONADE VODKA 60","0","0","0","0","0","72.72",,,,,"3200-170-171",,"12"
"Republic National Dist - Lafayette","Demo Retailer","900052","8059674","000009","03/27/2014","03/27/2014","04/11/2014","02537568","1807.05","10","329",,,"630304","1","147","CA","750 ml","089540448992","Malibu Rum Coconut","0","0","-13.8","0","0","133.2","1","00089540448992","00089540448992","Spirits","3200-170-171",,"12"
"Republic National Dist - Lafayette","Demo Retailer","900052","8059674","000009","03/27/2014","03/27/2014","04/11/2014","02537568","1807.05","10","329",,,"12614","1","226.2","CA","1 l","080432556115","Wild Turkey Bourbon","0","0","-9.84","0","0","216.36","1","00080432556115","00080432556115","Spirits","3200-170-171",,"12"
"Republic National Dist - Lafayette","Demo Retailer","900052","8059674","000009","03/27/2014","03/27/2014","04/11/2014","02537568","1807.05","10","329",,,"854284","1","72.72","CA",,"088004010140","TAAKA VODKA 80","0","0","0","0","0","72.72",,,,,"3200-170-171",,"12"
"Republic National Dist - Lafayette","Demo Retailer","900052","8059674","000009","03/27/2014","03/27/2014","04/11/2014","02537568","1807.05","10","329",,,"855554","1","72.72","CA",,"088004012014","TAAKA PEACH VODKA","0","0","0","0","0","72.72",,,,,"3200-170-171",,"12"
"Republic National Dist - Lafayette","Demo Retailer","900052","8059674","000009","03/27/2014","03/27/2014","04/11/2014","02537568","1807.05","10","329",,,"340040","1","339.42","CA",,"080480280000","GREY GOOSE VODKA","0","0","-44.28","0","0","295.14",,,,,"3200-170-171",,"6"
"Republic National Dist - Lafayette","Demo Retailer","900052","8059674","000009","03/27/2014","03/27/2014","04/11/2014","02537568","1807.05","10","329",,,"340077","2","349.8","CA","750 ml","080480280024","Grey Goose","0","0","-89.76","0","0","609.84","1","00080480280024","00080480280024","Spirits","3200-170-171",,"12"
"Republic National Dist - Lafayette","Demo Retailer","900052","8059674","000009","03/27/2014","03/27/2014","04/11/2014","02537568","1807.05","10","329",,,"410664","1","17.2","BO",,"084279983431","KINKY LIQ","0","0","-2.41","0","0","14.79",,,,,"3200-170-171",,"12"
"Republic National Dist - Lafayette","Demo Retailer","900052","8059674","000009","03/27/2014","03/27/2014","04/11/2014","02537568","1807.05","10","329",,,"311696","1","113.04","CA","87.5 ml","080432401224","Seagrams Gin Extra Dry","0","0","0","0","0","113.04","1","00080432401224","00080432401224","Spirits","3200-170-173",,"24"
"David Y. Martin Jr. LLC dba Wines Unlimited","Demo Retailer","01400321","31798","000014","03/27/2014","03/27/2014","04/11/2014","23475550","886.8","6",,,,"00903","0","184.5","C",,"18020301935","Willett Pot Still Reserve Bourbon  750ML","0","0","0","0","0","0",,,"18020301935",,"3200-170-171",,"0"
"David Y. Martin Jr. LLC dba Wines Unlimited","Demo Retailer","01400321","31798","000014","03/27/2014","03/27/2014","04/11/2014","23475550","886.8","6",,,,"21419","0","69","CA","750 ml","76315912003","Borsao Campo De Borja Garnacha","0","0","0","0","0","0","1","00763159120035","00763159120035","Wine","3200-170-173",,"12"
"David Y. Martin Jr. LLC dba Wines Unlimited","Demo Retailer","01400321","31798","000014","03/27/2014","03/27/2014","04/11/2014","23475550","886.8","6",,,,"24866","4","99","CA","750 ml","08912106882","J. Lohr Chardonnay Riverstone","0","0","0","0","0","396","1","00089121068823","00089121068823","Wine","3200-170-173",,"12"
"David Y. Martin Jr. LLC dba Wines Unlimited","Demo Retailer","01400321","31798","000014","03/27/2014","03/27/2014","04/11/2014","23475550","886.8","6",,,,"29374","1","114","CA","750 ml","08912118852","J.Lohr Los Osos Merlot","0","0","0","0","0","114","1","00089121188521","00089121188521","Wine","3200-170-173",,"12"
"David Y. Martin Jr. LLC dba Wines Unlimited","Demo Retailer","01400321","31798","000014","03/27/2014","03/27/2014","04/11/2014","23475550","886.8","6",,,,"28370","1","120","CA","750 ml","089121078525","J Lohr Falcons Perch Pinot Noir","0","0","0","0","0","120","1","00089121078525","00089121078525","Wine","3200-170-173",,"12"
"David Y. Martin Jr. LLC dba Wines Unlimited","Demo Retailer","01400321","31798","000014","03/27/2014","03/27/2014","04/11/2014","23475550","886.8","6",,,,"24857","2","128.4","CA","750 ml","08912128812","J Lohr Cabernet Sauvignon Seven Oaks","0","0","0","0","0","256.8","1","00089121288122","00089121288122","Wine","3200-170-173",,"12"
"David Y. Martin Jr. LLC dba Wines Unlimited","Demo Retailer","01700321","31799","000017","03/27/2014","03/27/2014","04/11/2014","23475551","94.5","2",,,,"00903","0","184.5","C",,"18020301935","Willett Pot Still Reserve Bourbon  750ML","0","0","0","0","0","0",,,"18020301935",,"3200-170-171",,"0"
"David Y. Martin Jr. LLC dba Wines Unlimited","Demo Retailer","01700321","31799","000017","03/27/2014","03/27/2014","04/11/2014","23475551","94.5","2",,,,"29660","6","15.75","BO","750 ml","717071911714","Willamette Valley Pinot Noir","0","0","0","0","0","94.5","1","00717071911714","00717071911714","Wine","3200-170-173",,"12"
"Mockler Beverage Company, A Limited Partnership","Demo Retailer","600109","26542","000003","03/27/2014","03/26/2014","03/26/2014","16830580","91","1","HOTSHOTWED",,,"15218","10","9.1","CA","12 oz","018200152184","Natural Light","0","0","0","0","0","91","1","00018200152184","00018200152184","Beer","3200-170-172",,"18"
"Baton Rouge Beer Agency","Demo Retailer","00700073","2381","000007","03/27/2014","03/26/2014","03/26/2014","323426","182","1",,"03/25/2014",,"118","20","11.03","CA","12 oz","034100013400","Miller High Life","-38.6","0","0","0","0","182","1","00034100013400","00034100013400","Beer","3200-170-172",,"18"
"Glazers Wholesale Company - Louisiana","Demo Retailer","500082","1000004551","000014","03/27/2014","03/25/2014","04/09/2014","9002768970","646.53","9","1",,,"73411","1","44.95","CS",,"008981903842","BERINGER WHT ZIN CAL 1.500 L","0","0","0","0","0","44.95",,,,,"3200-170-173",,"6"
"Glazers Wholesale Company - Louisiana","Demo Retailer","500082","1000004551","000014","03/27/2014","03/25/2014","04/09/2014","9002768970","646.53","9","1",,,"9206615","1","51.02","CS",,"031259032856","YELLOWTAIL MOSC 750.000 ML","0","0","0","0","0","51.02",,,,,"3200-170-173",,"12"
"Glazers Wholesale Company - Louisiana","Demo Retailer","500082","1000004551","000014","03/27/2014","03/25/2014","04/09/2014","9002768970","646.53","9","1",,,"252615","1","103.15","CS",,"008051616024","BANFI CHNTI BELL'AGIO WICKER 750.000 ML","0","0","0","0","0","103.15",,,,,"3200-170-173",,"12"
"Glazers Wholesale Company - Louisiana","Demo Retailer","500082","1000004551","000014","03/27/2014","03/25/2014","04/09/2014","9002768970","646.53","9","1",,,"1415311","1","51.6","CA","1.5 l","031259008950","Yellow Tail Shiraz","0","0","0","0","0","51.6","1","00031259008950","00031259008950","Wine","3200-170-173",,"6"
"Glazers Wholesale Company - Louisiana","Demo Retailer","500082","1000004551","000014","03/27/2014","03/25/2014","04/09/2014","9002768970","646.53","9","1",,,"4795611","1","51.6","CS",,"031259014050","YELLOWTAIL CAB/MRLT 1.500 L","0","0","0","0","0","51.6",,,,,"3200-170-173",,"6"
"Glazers Wholesale Company - Louisiana","Demo Retailer","500082","1000004551","000014","03/27/2014","03/25/2014","04/09/2014","9002768970","646.53","9","1",,,"3585315","1","111","CS",,"814617007013","LUNATIC RED BLND BY LUNA VYDS 750.000 ML","0","0","0","0","0","111",,,,,"3200-170-173",,"12"
"Glazers Wholesale Company - Louisiana","Demo Retailer","500082","1000004551","000014","03/27/2014","03/25/2014","04/09/2014","9002768970","646.53","9","1",,,"3815115","1","80.91","CS",,"008981975935","CELLAR NO.8 CAB SAUV 750.000 ML","0","0","0","0","0","80.91",,,,,"3200-170-173",,"12"
"Glazers Wholesale Company - Louisiana","Demo Retailer","500082","1000004551","000014","03/27/2014","03/25/2014","04/09/2014","9002768970","646.53","9","1",,,"9206611","2","51.6","CS",,"031259032863","YELLOWTAIL MOSC 1.500 L","0","0","0","0","0","103.2",,,,,"3200-170-173",,"6"
"Glazers Wholesale Company - Louisiana","Demo Retailer","500082","1000004551","000014","03/27/2014","03/25/2014","04/09/2014","9002768970","646.53","9","1",,,"10015071","1","49.1","CS",,"080516666143","BOLLA PRSCCO 750.000 ML","0","0","0","0","0","49.1",,,,,"3200-170-173",,"6"
"Glazers Wholesale Company - Louisiana","Demo Retailer","500082","1000004551","000014","03/27/2014","03/25/2014","04/09/2014","9002768966","2166.82","12","2",,,"10036509","1","2","EA",,"082000764809","SMIRNOFF PINEAPPLE COCNT SORBET LT 750.000 ML","0","0","0","0","0","2",,,,,"3200-170-171",,"12"
"Glazers Wholesale Company - Louisiana","Demo Retailer","500082","1000004551","000014","03/27/2014","03/25/2014","04/09/2014","9002768966","2166.82","12","2",,,"8350729","3","3.02","EA",,"085000014332","NEW AMSTERDAM GIN STRAIGHT 200.000 ML","0","0","0","0","0","9.06",,,,,"3200-170-173",,"24"
"Glazers Wholesale Company - Louisiana","Demo Retailer","500082","1000004551","000014","03/27/2014","03/25/2014","04/09/2014","9002768966","2166.82","12","2",,,"4990925","1","286.6","CA","87.5 ml","00870000076042","Crown Royal","0","0","0","0","0","286.6","1","00870000076042","00870000076042","Spirits","3200-170-171",,"24"
"Glazers Wholesale Company - Louisiana","Demo Retailer","500082","1000004551","000014","03/27/2014","03/25/2014","04/09/2014","9002768966","2166.82","12","2",,,"1941410","1","308.03","CS",,"008200075045","CROWN ROYAL BLK 1.750 L","0","0","0","0","0","308.03",,,,,"3200-170-171",,"6"
"Glazers Wholesale Company - Louisiana","Demo Retailer","500082","1000004551","000014","03/27/2014","03/25/2014","04/09/2014","9002768966","2166.82","12","2",,,"105310","1","123.81","CA","1.75 l","080686001102","Jim Beam Bourbon","0","0","0","0","0","123.81","1","00080686001102","00080686001102","Spirits","3200-170-171",,"6"
"Glazers Wholesale Company - Louisiana","Demo Retailer","500082","1000004551","000014","03/27/2014","03/25/2014","04/09/2014","9002768966","2166.82","12","2",,,"4989610","2","124.7","CA","1.75 l","008700070070","Seagrams 7 Crown","0","0","0","0","0","249.4","1","00087000700703","00087000700703","Spirits","3200-170-171",,"6"
"Glazers Wholesale Company - Louisiana","Demo Retailer","500082","1000004551","000014","03/27/2014","03/25/2014","04/09/2014","9002768966","2166.82","12","2",,,"4991310","1","146.35","CS",,"008700070075","SEAGRAMS V O 1.750 L","0","0","0","0","0","146.35",,,,,"3200-170-171",,"6"
"Glazers Wholesale Company - Louisiana","Demo Retailer","500082","1000004551","000014","03/27/2014","03/25/2014","04/09/2014","9002768966","2166.82","12","2",,,"1197893","1","178.82","CS",,"088110150624","HENNESSY VS CGNC 80 12PK FLSK 375.000 ML","0","0","0","0","0","178.82",,,,,"3200-170-171",,"12"
"Glazers Wholesale Company - Louisiana","Demo Retailer","500082","1000004551","000014","03/27/2014","03/25/2014","04/09/2014","9002768966","2166.82","12","2",,,"560315","1","157.7","CS",,"008200000254","SEAGRAMS 7 CROWN HONEY 750.000 ML","0","0","0","0","0","157.7",,,,,"3200-170-171",,"12"
"Glazers Wholesale Company - Louisiana","Demo Retailer","500082","1000004551","000014","03/27/2014","03/25/2014","04/09/2014","9002768966","2166.82","12","2",,,"1086915","1","262.41","CS",,"008515651541","KETEL ONE VDKA 80 750.000 ML","0","0","0","0","0","262.41",,,,,"3200-170-171",,"12"
"Glazers Wholesale Company - Louisiana","Demo Retailer","500082","1000004551","000014","03/27/2014","03/25/2014","04/09/2014","9002768966","2166.82","12","2",,,"6275889","1","112.19","CA","1.75 l","082000727606","Smirnoff Vodka","0","0","0","0","0","112.19","1","00082000727606","00082000727606","Spirits","3200-170-171",,"6"
"Glazers Wholesale Company - Louisiana","Demo Retailer","500082","1000004551","000014","03/27/2014","03/25/2014","04/09/2014","9002768966","2166.82","12","2",,,"590515","1","330.45","CS",,"008807617495","CIROC VDKA COCONUT 750.000 ML","0","0","0","0","0","330.45",,,,,"3200-170-171",,"12"
"Glazers Wholesale Company - Louisiana","Demo Retailer","500082","1000004551","000014","03/27/2014","03/25/2014","04/09/2014","9002768960","1019.82","16","1",,,"6909511","1","52.75","CA","1.5 l","08500001443100","Barefoot Pinot Grigio","0","0","0","0","0","52.75","1","00085000014431","00085000014431","Wine","3200-170-173",,"6"
"Glazers Wholesale Company - Louisiana","Demo Retailer","500082","1000004551","000014","03/27/2014","03/25/2014","04/09/2014","9002768960","1019.82","16","1",,,"4704911","1","52.75","CS",,"085000020609","BAREFOOT MUSC PINK 1.500 L","0","0","0","0","0","52.75",,,,,"3200-170-173",,"6"
"Glazers Wholesale Company - Louisiana","Demo Retailer","500082","1000004551","000014","03/27/2014","03/25/2014","04/09/2014","9002768960","1019.82","16","1",,,"2811911","1","52.75","CA","1.5 l","085000016671","Barefoot Cellars Moscato","0","0","0","0","0","52.75","1","00085000016671","00085000016671","Wine","3200-170-173",,"6"
"Glazers Wholesale Company - Louisiana","Demo Retailer","500082","1000004551","000014","03/27/2014","03/25/2014","04/09/2014","9002768960","1019.82","16","1",,,"4441615","1","86.3","CS",,"085000012260","MIRASSOU CAB SAUV SUN CENTRL CST 750.000 ML","0","0","0","0","0","86.3",,,,,"3200-170-173",,"12"
"Glazers Wholesale Company - Louisiana","Demo Retailer","500082","1000004551","000014","03/27/2014","03/25/2014","04/09/2014","9002768960","1019.82","16","1",,,"4515211","1","38.35","CS",,"085000007846","GFV WHT ZIN 1.500 L","0","0","0","0","0","38.35",,,,,"3200-170-173",,"6"
"Glazers Wholesale Company - Louisiana","Demo Retailer","500082","1000004551","000014","03/27/2014","03/25/2014","04/09/2014","9002768960","1019.82","16","1",,,"10005993","1","48","CS",,"082100738441","BANROCK MUSC 750.000 ML","0","0","0","0","0","48",,,,,"3200-170-173",,"12"
"Glazers Wholesale Company - Louisiana","Demo Retailer","500082","1000004551","000014","03/27/2014","03/25/2014","04/09/2014","9002768960","1019.82","16","1",,,"285305","1","41.57","CS",,"000008571607","C ROSSI SNGRA 4.000 L","0","0","0","0","0","41.57",,,,,"3200-170-173",,"4"
"Glazers Wholesale Company - Louisiana","Demo Retailer","500082","1000004551","000014","03/27/2014","03/25/2014","04/09/2014","9002768960","1019.82","16","1",,,"3419711","1","33.55","CS",,"085000011300","LIBERTY CREEK CHARD CAL 1.500 L","0","0","0","0","0","33.55",,,,,"3200-170-173",,"6"
"Glazers Wholesale Company - Louisiana","Demo Retailer","500082","1000004551","000014","03/27/2014","03/25/2014","04/09/2014","9002768960","1019.82","16","1",,,"10025757","1","33.55","CS",,"085000021507","LIBERTY CREEK PNK MUSC 1.500 L","0","0","0","0","0","33.55",,,,,"3200-170-173",,"6"
"Glazers Wholesale Company - Louisiana","Demo Retailer","500082","1000004551","000014","03/27/2014","03/25/2014","04/09/2014","9002768960","1019.82","16","1",,,"752511","1","33.55","CS",,"085000018026","LIBERTY CREEK SWEET RED CAL 1.500 L","0","0","0","0","0","33.55",,,,,"3200-170-173",,"6"
"Glazers Wholesale Company - Louisiana","Demo Retailer","500082","1000004551","000014","03/27/2014","03/25/2014","04/09/2014","9002768960","1019.82","16","1",,,"3419611","1","33.55","CS",,"085000011294","LIBERTY CREEK CAB SAUV CAL 1.500 L","0","0","0","0","0","33.55",,,,,"3200-170-173",,"6"
"Glazers Wholesale Company - Louisiana","Demo Retailer","500082","1000004551","000014","03/27/2014","03/25/2014","04/09/2014","9002768960","1019.82","16","1",,,"9032811","1","52.75","CS",,"085000017364","BAREFOOT P NOIR 1.500 L","0","0","0","0","0","52.75",,,,,"3200-170-173",,"6"
"Glazers Wholesale Company - Louisiana","Demo Retailer","500082","1000004551","000014","03/27/2014","03/25/2014","04/09/2014","9002768960","1019.82","16","1",,,"10050383","1","143.9","CS",,,"INCOGNITO RHONE RED 750.000 ML","0","0","0","0","0","143.9",,,,,"3200-100-101",,"12"
"Glazers Wholesale Company - Louisiana","Demo Retailer","500082","1000004551","000014","03/27/2014","03/25/2014","04/09/2014","9002768960","1019.82","16","1",,,"7626915","1","72","CS",,"086395365009","TAKARA PLUM WINE 750.000 ML","0","0","0","0","0","72",,,,,"3200-170-173",,"12"
"Glazers Wholesale Company - Louisiana","Demo Retailer","500082","1000004551","000014","03/27/2014","03/25/2014","04/09/2014","9002768960","1019.82","16","1",,,"280115","1","52.7","CS",,"085000007495","ANDRE CHAMP PINK 750.000 ML","0","0","0","0","0","52.7",,,,,"3200-170-173",,"12"
"Glazers Wholesale Company - Louisiana","Demo Retailer","500082","1000004551","000014","03/27/2014","03/25/2014","04/09/2014","9002768960","1019.82","16","1",,,"1990615","2","95.9","CS",,"876153002266","CASTELLO DEL POGGIO IGT MUSC 750.000 ML","0","0","0","0","0","191.8",,,,,"3200-170-173",,"12"
"Glazers Wholesale Company - Louisiana","Demo Retailer","500082","1000004551","000014","03/27/2014","03/25/2014","04/09/2014","9002768958","632.19","9","2",,,"3874615","1","104.89","CS",,"008068637340","DEKPR SNP HOT DAMN 30 750.000 ML","0","0","0","0","0","104.89",,,,,"3200-170-171",,"12"
"Glazers Wholesale Company - Louisiana","Demo Retailer","500082","1000004551","000014","03/27/2014","03/25/2014","04/09/2014","9002768958","632.19","9","2",,,"821415","2","7.61","EA",,"080686068402","LEROUX CR CACAO WHITE 30 750.000 ML","0","0","0","0","0","15.22",,,,,"3200-170-171",,"12"
"Glazers Wholesale Company - Louisiana","Demo Retailer","500082","1000004551","000014","03/27/2014","03/25/2014","04/09/2014","9002768958","632.19","9","2",,,"278115","3","7.61","EA",,"008068613340","LEROUX CURACAO BLUE 30 750.000 ML","0","0","0","0","0","22.83",,,,,"3200-170-171",,"12"
"Glazers Wholesale Company - Louisiana","Demo Retailer","500082","1000004551","000014","03/27/2014","03/25/2014","04/09/2014","9002768958","632.19","9","2",,,"274015","6","7.61","EA",,"008068605340","LEROUX SNP PCH 30 750.000 ML","0","0","0","0","0","45.66",,,,,"3200-170-171",,"12"
"Glazers Wholesale Company - Louisiana","Demo Retailer","500082","1000004551","000014","03/27/2014","03/25/2014","04/09/2014","9002768958","632.19","9","2",,,"817515","1","98.35","CS",,"008068697024","CRUZAN MNGO RUM 42 750.000 ML","0","0","0","0","0","98.35",,,,,"3200-170-171",,"12"
"Glazers Wholesale Company - Louisiana","Demo Retailer","500082","1000004551","000014","03/27/2014","03/25/2014","04/09/2014","9002768958","632.19","9","2",,,"4382515","1","98.3","CS",,"080686926511","PINNACLE WHIPPED CRM 750.000 ML","0","0","0","0","0","98.3",,,,,"3200-170-171",,"12"
"Glazers Wholesale Company - Louisiana","Demo Retailer","500082","1000004551","000014","03/27/2014","03/25/2014","04/09/2014","9002768958","632.19","9","2",,,"4375710","1","91.77","CS",,"080686929451","PINNACLE VDKA 80 1.750 L","0","0","0","0","0","91.77",,,,,"3200-170-171",,"6"
"Glazers Wholesale Company - Louisiana","Demo Retailer","500082","1000004551","000014","03/27/2014","03/25/2014","04/09/2014","9002768958","632.19","9","2",,,"6001817","1","38.22","CS",,"084380424649","BARTENDERS BANANA CKTL 750.000 ML","0","0","0","0","0","38.22",,,,,"3200-170-171",,"6"
"Glazers Wholesale Company - Louisiana","Demo Retailer","500082","1000004551","000014","03/27/2014","03/25/2014","04/09/2014","9002768958","632.19","9","2",,,"1886215","1","116.95","CS",,"008068611004","SKINNYGIRL MARG 750.000 ML","0","0","0","0","0","116.95",,,,,"3200-170-171",,"12"
"Glazers Wholesale Company - Louisiana","Demo Retailer","500082","1000004551","000014","03/27/2014","03/25/2014","04/09/2014","6000580040","-49.1","1","1",,"9002768970","10015071","-1","49.1","CS",,"080516666143","BOLLA PRSCCO 750.000 ML","0","0","0","0","0","-49.1",,,,,"3200-170-173",,"6"
"Glazers Wholesale Company - Louisiana","Demo Retailer","500082","1000004551","000014","03/27/2014","03/25/2014","04/09/2014","6000580039","-9.06","1","2",,"9002768966","8350729","-3","3.02","EA",,"085000014332","NEW AMSTERDAM GIN STRAIGHT 200.000 ML","0","0","0","0","0","-9.06",,,,,"3200-170-173",,"24"
"Glazers Wholesale Company - Louisiana","Demo Retailer","500082","1000004551","000014","03/27/2014","03/25/2014","04/09/2014","6000580038","-52.75","1","1",,"9002768960","9032811","-1","52.75","CS",,"085000017364","BAREFOOT P NOIR 1.500 L","0","0","0","0","0","-52.75",,,,,"3200-170-173",,"6"
"Glazers Wholesale Company - Louisiana","Demo Retailer","500082","1000004551","000014","03/27/2014","03/25/2014","04/09/2014","6000580037","-7.61","1","2",,"9002768958","278115","-1","7.61","EA",,"008068613340","LEROUX CURACAO BLUE 30 750.000 ML","0","0","0","0","0","-7.61",,,,,"3200-170-171",,"12"
"Glazers Wholesale Company - Louisiana","Demo Retailer","00700082","1000004296","000007","03/27/2014","03/25/2014","04/09/2014","9002768926","1167.62","18","1",,,"4716815","1","57.5","CS",,"085000021156","BAREFOOT CRISP WHT REFRESH NEW UPC 750.000 ML","0","0","0","0","0","57.5",,,,,"3200-170-173",,"12"
"Glazers Wholesale Company - Louisiana","Demo Retailer","00700082","1000004296","000007","03/27/2014","03/25/2014","04/09/2014","9002768926","1167.62","18","1",,,"3555015","1","95.9","CA","750 ml","085000019733","Apothic White","0","0","0","0","0","95.9","1","00085000019733","00085000019733","Wine","3200-170-173",,"12"
"Glazers Wholesale Company - Louisiana","Demo Retailer","00700082","1000004296","000007","03/27/2014","03/25/2014","04/09/2014","9002768926","1167.62","18","1",,,"466515","2","95.9","CA","750 ml","085000017746","Apothic Red","0","0","0","0","0","191.8","1","00085000017746","00085000017746","Wine","3200-170-173",,"12"
"Glazers Wholesale Company - Louisiana","Demo Retailer","00700082","1000004296","000007","03/27/2014","03/25/2014","04/09/2014","9002768926","1167.62","18","1",,,"4059915","1","57.5","CA","750 ml","018341751017","Barefoot Cellars Cabernet Sauvignon","0","0","0","0","0","57.5","1","00018341751017","00018341751017","Wine","3200-170-173",,"12"
"Glazers Wholesale Company - Louisiana","Demo Retailer","00700082","1000004296","000007","03/27/2014","03/25/2014","04/09/2014","9002768926","1167.62","18","1",,,"3546115","1","57.5","CS",,"085000019894","BAREFOOT MUSC RED 750.000 ML","0","0","0","0","0","57.5",,,,,"3200-170-173",,"12"
"Glazers Wholesale Company - Louisiana","Demo Retailer","00700082","1000004296","000007","03/27/2014","03/25/2014","04/09/2014","9002768926","1167.62","18","1",,,"6909515","1","57.5","CA","750 ml","085000014448","Barefoot Pinot Grigio","0","0","0","0","0","57.5","1","00085000014448","00085000014448","Wine","3200-170-173",,"12"
"Glazers Wholesale Company - Louisiana","Demo Retailer","00700082","1000004296","000007","03/27/2014","03/25/2014","04/09/2014","9002768926","1167.62","18","1",,,"2999115","1","57.5","CS",,"085000015810","BAREFOOT RIES 750.000 ML","0","0","0","0","0","57.5",,,,,"3200-170-173",,"12"
"Glazers Wholesale Company - Louisiana","Demo Retailer","00700082","1000004296","000007","03/27/2014","03/25/2014","04/09/2014","9002768926","1167.62","18","1",,,"9032811","2","52.75","CS",,"085000017364","BAREFOOT P NOIR 1.500 L","0","0","0","0","0","105.5",,,,,"3200-170-173",,"6"
"Glazers Wholesale Company - Louisiana","Demo Retailer","00700082","1000004296","000007","03/27/2014","03/25/2014","04/09/2014","9002768926","1167.62","18","1",,,"4059911","1","52.75","CS",,"018341151015","BAREFOOT CAB SAUV 1.500 L","0","0","0","0","0","52.75",,,,,"3200-170-173",,"6"
"Glazers Wholesale Company - Louisiana","Demo Retailer","00700082","1000004296","000007","03/27/2014","03/25/2014","04/09/2014","9002768926","1167.62","18","1",,,"5385515","2","19.74","EA",,"652935100043","EARTHQUAKE ZIN LODI 750.000 ML","0","0","0","0","0","39.48",,,,,"3200-170-173",,"12"
"Glazers Wholesale Company - Louisiana","Demo Retailer","00700082","1000004296","000007","03/27/2014","03/25/2014","04/09/2014","9002768926","1167.62","18","1",,,"282105","1","41.57","CS",,"000008572907","C ROSSI PAISANO LT CHNTI 4.000 L","0","0","0","0","0","41.57",,,,,"3200-170-173",,"4"
"Glazers Wholesale Company - Louisiana","Demo Retailer","00700082","1000004296","000007","03/27/2014","03/25/2014","04/09/2014","9002768926","1167.62","18","1",,,"285305","1","41.57","CS",,"000008571607","C ROSSI SNGRA 4.000 L","0","0","0","0","0","41.57",,,,,"3200-170-173",,"4"
"Glazers Wholesale Company - Louisiana","Demo Retailer","00700082","1000004296","000007","03/27/2014","03/25/2014","04/09/2014","9002768926","1167.62","18","1",,,"10025757","1","33.55","CS",,"085000021507","LIBERTY CREEK PNK MUSC 1.500 L","0","0","0","0","0","33.55",,,,,"3200-170-173",,"6"
"Glazers Wholesale Company - Louisiana","Demo Retailer","00700082","1000004296","000007","03/27/2014","03/25/2014","04/09/2014","9002768926","1167.62","18","1",,,"752511","1","33.55","CS",,"085000018026","LIBERTY CREEK SWEET RED CAL 1.500 L","0","0","0","0","0","33.55",,,,,"3200-170-173",,"6"
"Glazers Wholesale Company - Louisiana","Demo Retailer","00700082","1000004296","000007","03/27/2014","03/25/2014","04/09/2014","9002768926","1167.62","18","1",,,"1857515","1","57.5","CS",,"085000019566","THE NAKED GRP MUSC 750.000 ML","0","0","0","0","0","57.5",,,,,"3200-170-173",,"12"
"Glazers Wholesale Company - Louisiana","Demo Retailer","00700082","1000004296","000007","03/27/2014","03/25/2014","04/09/2014","9002768926","1167.62","18","1",,,"801915","1","57.5","CA","750 ml","08500001752400","Naked Grape Pinot Grigio","0","0","0","0","0","57.5","1","00085000017524","00085000017524","Wine","3200-170-173",,"12"
"Glazers Wholesale Company - Louisiana","Demo Retailer","00700082","1000004296","000007","03/27/2014","03/25/2014","04/09/2014","9002768926","1167.62","18","1",,,"4515240","1","23.95","CS",,"085000005170","GFV WHT ZIN 6/4PK 187.000 ML","0","0","0","0","0","23.95",,,,,"3200-170-173",,"6"
"Glazers Wholesale Company - Louisiana","Demo Retailer","00700082","1000004296","000007","03/27/2014","03/25/2014","04/09/2014","9002768926","1167.62","18","1",,,"2811911","2","52.75","CA","1.5 l","085000016671","Barefoot Cellars Moscato","0","0","0","0","0","105.5","1","00085000016671","00085000016671","Wine","3200-170-173",,"6"
"Glazers Wholesale Company - Louisiana","Demo Retailer","00700082","1000004296","000007","03/27/2014","03/25/2014","04/09/2014","9002768922","204.08","4","1",,,"10007065","1","51.02","CS",,"839743001513","YELLOWTAIL PINK MOSC 750.000 ML","0","0","0","0","0","51.02",,,,,"3200-170-173",,"12"
"Glazers Wholesale Company - Louisiana","Demo Retailer","00700082","1000004296","000007","03/27/2014","03/25/2014","04/09/2014","9002768922","204.08","4","1",,,"10025372","1","51.02","CS",,"839743001575","YELLOWTAIL SNGRA 750.000 ML","0","0","0","0","0","51.02",,,,,"3200-170-173",,"12"
"Glazers Wholesale Company - Louisiana","Demo Retailer","00700082","1000004296","000007","03/27/2014","03/25/2014","04/09/2014","9002768922","204.08","4","1",,,"10007067","1","51.02","CS",,"839743001544","YELLOWTAIL SWEET WHITE ROO WHT 750.000 ML","0","0","0","0","0","51.02",,,,,"3200-170-173",,"12"
"Glazers Wholesale Company - Louisiana","Demo Retailer","00700082","1000004296","000007","03/27/2014","03/25/2014","04/09/2014","9002768922","204.08","4","1",,,"10007063","1","51.02","CS",,"839743001483","YELLOWTAIL BIG BOLD RED 750.000 ML","0","0","0","0","0","51.02",,,,,"3200-170-173",,"12"
"Glazers Wholesale Company - Louisiana","Demo Retailer","00700082","1000004296","000007","03/27/2014","03/25/2014","04/09/2014","9002768918","530.42","4","2",,,"1086915","1","262.41","CS",,"008515651541","KETEL ONE VDKA 80 750.000 ML","0","0","0","0","0","262.41",,,,,"3200-170-171",,"12"
"Glazers Wholesale Company - Louisiana","Demo Retailer","00700082","1000004296","000007","03/27/2014","03/25/2014","04/09/2014","9002768918","530.42","4","2",,,"6275815","1","153.82","CS",,"000008200608","SMIRNOFF VDKA 80 RND 750.000 ML","0","0","0","0","0","153.82",,,,,"3200-170-171",,"12"
"Glazers Wholesale Company - Louisiana","Demo Retailer","00700082","1000004296","000007","03/27/2014","03/25/2014","04/09/2014","9002768918","530.42","4","2",,,"6275889","1","112.19","CA","1.75 l","082000727606","Smirnoff Vodka","0","0","0","0","0","112.19","1","00082000727606","00082000727606","Spirits","3200-170-171",,"6"
"Glazers Wholesale Company - Louisiana","Demo Retailer","00700082","1000004296","000007","03/27/2014","03/25/2014","04/09/2014","9002768918","530.42","4","2",,,"10036509","1","2","EA",,"082000764809","SMIRNOFF PINEAPPLE COCNT SORBET LT 750.000 ML","0","0","0","0","0","2",,,,,"3200-170-171",,"12"
"Glazers Wholesale Company - Louisiana","Demo Retailer","00700082","1000004296","000007","03/27/2014","03/25/2014","04/09/2014","6000579749","-2","1","2",,"9002768918","10036509","-1","2","EA",,"082000764809","SMIRNOFF PINEAPPLE COCNT SORBET LT 750.000 ML","0","0","0","0","0","-2",,,,,"3200-170-171",,"12"
"Glazers Wholesale Company - Louisiana","Demo Retailer","00700082","1000004296","000007","03/27/2014","03/25/2014","04/09/2014","6000579748","-51","2","1",,"9002768922","10007065","-1","4.25","EA",,"839743001513","YELLOWTAIL PINK MOSC 750.000 ML","0","0","0","0","0","-4.25",,,,,"3200-170-173",,"12"
"Glazers Wholesale Company - Louisiana","Demo Retailer","00700082","1000004296","000007","03/27/2014","03/25/2014","04/09/2014","6000579748","-51","2","1",,"9002768922","10007065","-11","4.25","EA",,"839743001513","YELLOWTAIL PINK MOSC 750.000 ML","0","0","0","0","0","-46.75",,,,,"3200-170-173",,"12"
"Glazers Wholesale Company - Louisiana","Demo Retailer","00700082","1000004296","000007","03/27/2014","03/25/2014","04/09/2014","6000579746","-99.07","2","1",,"9002768926","2999115","-1","57.5","CS",,"085000015810","BAREFOOT RIES 750.000 ML","0","0","0","0","0","-57.5",,,,,"3200-170-173",,"12"
"Glazers Wholesale Company - Louisiana","Demo Retailer","00700082","1000004296","000007","03/27/2014","03/25/2014","04/09/2014","6000579746","-99.07","2","1",,"9002768926","285305","-1","41.57","CS",,"000008571607","C ROSSI SNGRA 4.000 L","0","0","0","0","0","-41.57",,,,,"3200-170-173",,"4"
"Glazers Wholesale Company - Louisiana","Demo Retailer","400082","1000004120","000008","03/27/2014","03/25/2014","04/09/2014","9002766205","302.37","6","Wine",,,"3646811","1","51.6","CS",,"031259009551","YELLOWTAIL SHRZ/CAB 1.500 L","0","0","0","0","0","51.6",,,,,"3200-170-173",,"6"
"Glazers Wholesale Company - Louisiana","Demo Retailer","400082","1000004120","000008","03/27/2014","03/25/2014","04/09/2014","9002766205","302.37","6","Wine",,,"1415311","1","51.6","CA","1.5 l","031259008950","Yellow Tail Shiraz","0","0","0","0","0","51.6","1","00031259008950","00031259008950","Wine","3200-170-173",,"6"
"Glazers Wholesale Company - Louisiana","Demo Retailer","400082","1000004120","000008","03/27/2014","03/25/2014","04/09/2014","9002766205","302.37","6","Wine",,,"10025372","1","51.02","CS",,"839743001575","YELLOWTAIL SNGRA 750.000 ML","0","0","0","0","0","51.02",,,,,"3200-170-173",,"12"
"Glazers Wholesale Company - Louisiana","Demo Retailer","400082","1000004120","000008","03/27/2014","03/25/2014","04/09/2014","9002766205","302.37","6","Wine",,,"10025371","1","51.6","CS",,"839743001582","YELLOWTAIL SNGRA 1.500 L","0","0","0","0","0","51.6",,,,,"3200-170-173",,"6"
"Glazers Wholesale Company - Louisiana","Demo Retailer","400082","1000004120","000008","03/27/2014","03/25/2014","04/09/2014","9002766205","302.37","6","Wine",,,"6833411","1","44.95","CS",,"008981976010","BERINGER PINOT GRGIO PVS CAL 1.500 L","0","0","0","0","0","44.95",,,,,"3200-170-173",,"6"
"Glazers Wholesale Company - Louisiana","Demo Retailer","400082","1000004120","000008","03/27/2014","03/25/2014","04/09/2014","9002766205","302.37","6","Wine",,,"2141911","1","51.6","CA","1.5 l","031259009230","Yellow Tail Merlot","0","0","0","0","0","51.6","1","00031259009230","00031259009230","Wine","3200-170-173",,"6"
"Glazers Wholesale Company - Louisiana","Demo Retailer","400082","1000004120","000008","03/27/2014","03/25/2014","04/09/2014","6000580187","-51.6","1","WINE",,"9002766205","10025371","-1","51.6","CS",,"839743001582","YELLOWTAIL SNGRA 1.500 L","0","0","0","0","0","-51.6",,,,,"3200-170-173",,"6"
"Glazers Wholesale Company - Louisiana","Demo Retailer","600082","1000002384","000003","03/27/2014","03/24/2014","04/08/2014","6000578461","-1.66","2","SPIRITS",,"9002752796","273015","-1","12.21","EA",,"008068683101","SAUZA GOLD 750.000 ML","0","0","0","0","0","-12.21",,,,,"3200-170-171",,"12"
"Glazers Wholesale Company - Louisiana","Demo Retailer","600082","1000002384","000003","03/27/2014","03/24/2014","04/08/2014","6000578461","-1.66","2","SPIRITS",,"9002752796","273015","1","10.55","EA",,"008068683101","SAUZA GOLD 750.000 ML","0","0","0","0","0","10.55",,,,,"3200-170-171",,"12"
"Glazers Wholesale Company - Louisiana","Demo Retailer","600082","1000002384","000003","03/27/2014","03/26/2014","04/10/2014","9002779808","1","1","SPU-J.Todd",,,"2076429","1","1","EA",,"088076178403","CIROC VDKA PCH 200.000 ML","0","0","0","0","0","1",,,,,"3200-170-171",,"24"
