RMSC does NOT accept alternative promo reporting or PROMO UPCs as transaction line items.,,,,,,,,,,,,,,,,,CARTON/ROLL UPCs should reflect CARTON/ROLL discount rates,,,,,,,,,,,,,,,,,,,,,,,,,,,,,,,,,,,,,,,,,,,,,,,,,,,,,,,,,,,,,,,,,,,,,,,,,,,,,,,,,,,,,,,,,,,,,,,,
Promotions MUST BE SCRIPTED to appropriate fields. PROMO UPCs transactions are dropped from processing and will NOT BE DELIVERED to Reynolds American.,,,,,,,,,,,,,,,,,Grey highlighted lines represent example base/non-promoted transactions,,,,,,,,,,,,,,,,,,"This is the unique ID associated with a consumer's loyalty program membership. It should not be masked. It should not be a phone number, but the actual unique member ID affliated with the retailer's loyatly program. If can be an alph anumeric or numeric value. ","For MFG funded offers, MFG assign a promo code to their offers. This information is published with the offer announcement and required as part of the promo description. If concatenated to your offer code, it is requested to appear as the prefix/first 5 characters.",,,,,,,,,,,,,,,,,,,,,,,,,,,,,,,,,,,,,,,,,,,,,,,,,,,,,,,,,,,,,,,,,,,,,,,,,,,,,
"PRICE and DISCOUNTS REPORTED should always be reported as the PER SINGLE SALES UNIT value, not the total offer discount or extended price (QTY x UNIT PRICE)",,,,,,,,,,,,,,,,,,,,,,,,,,,,,,,,,,,,,,,,,,,,,,,,,,,,,,,,,,,,,,,,,,,,,,,,,,,,,,,,,,,,,,,,,,,,,,,,,,,,,,,,,,,,,,,,,
"Discounts and final price reporting are dependent on the QTY purchased, and the QTY eligible for the discount.",,,,,,,,,,,,,,,,,,,,,,,,,,,,,,,,,,,,,,,,,,,,,,,,,,,,,,,,,,,,,,,,,,,,,,,,,,,,,,,,,,,,,,,,,,,,,,,,,,,,,,,,,,,,,,,,,
,,,,,,,,,,,,,,,,,,,,,,,,,,,,,,,,,,,,,,,,,,,,,,,,,,,,,,,,,,,,,,,,,,,,,,,,,,,,,,,,,,,,,,,,,,,,,,,,,,,,,,,,,,,,,,,,,
"Currently, the RMSC 34-field format leverages the coupon reporting fields #25 and 34 for LOYALTY OFFER DISCOUNT AND OFFER CODE  REPORTING. ",,,,,,,,,,,,,,,,,,,,,,,,,,,,,,,,,,,,,,,,,,,,,,,,,,,,,,,,,,,,,,,,,,,,,,,,,,,,,,,,,,,,,,,,,,,,,,,,,,,,,,,,,,,,,,,,,
,,,,,,,,,,,,,,,,,,,,,,,,,,,,,,,,,,,,,,,,,,,,,,,,,,,,,,,,,,,,,,,,,,,,,,,,,,,,,,,,,,,,,,,,,,,,,,,,,,,,,,,,,,,,,,,,,
Reporting options below provide examples as single-line e or split-line market baskets for both can & roll UPCs,,,,,,,,,,,,,,,,,,,,,,,,,,,,,,,,,,,,,,,,,,,,,,,,,,,,,,,,,,,,,,,,,,,,,,,,,,,,,,,,,,,,,,,,,,,,,,,,,,,,,,,,,,,,,,,,,
,,,,,,,,,,,,,,,,,,,,,,,,,,,,,,,,,,,,,,,,,,,,,,,,,,,,,,,,,,,,,,,,,,,,,,,,,,,,,,,,,,,,,,,,,,,,,,,,,,,,,,,,,,,,,,,,,
,,,,,,,,,,,,,,,,,,,,,,,,,,,,,,,,,,,,,,,,,,,,,,,,,,,,,,,,,,,,,,,,,,,,,,,,,,,,,,,,,,,,,,,,,,,,,,,,,,,,,,,,,,,,,,,,,
"All RMSC RLFP offers will have a unique Coupon Description, or offer code, assigned and are issued separately by each individual RMSC offer.    Please reference the offer announcement to ensure accuracy of reporting.  The codes included on this sheet are for example purposes only",,,,,,,,,,,,,,,,,,,,,,,,,,,,,,,,,,,,,,,,,,,,,,,,,,,,,,,,,,,,,,,,,,,,,,,,,,,,,,,,,,,,,,,,,,,,,,,,,,,,,,,,,,,,,,,,,
,,,,,,,,,,,,,,,,,,,,,,,,,,,,,,,,,,,,,,,,,,,,,,,,,,,,,,,,,,,,,,,,,,,,,,,,,,,,,,,,,,,,,,,,,,,,,,,,,,,,,,,,,,,,,,,,,
RMSC FIELD #,,,1,2,3,4,5,6,7,8,9,10,11,12,13,14,15,16,17,18,19,20,21,22,23,24,25,26,27,28,29,30,31,32,33,34,,,,,,,,,,,,,,,,,,,,,,,,,,,,,,,,,,,,,,,,,,,,,,,,,,,,,,,,,,,,,,,,,,,,,,,,,,,,,
,,,Outlet Name,Outlet Number,Address 1,Address 2,City,State,Zip,Transaction Date,Market Basket ID,Scan ID,Register ID,Quantity,Price,UPC Code,UPC Description,Unit Of Measure,Promo Flag,Outlet MultiPack Flag,Outlet MultiPack Quantity,Outlet MultiPack Disc Amt,Acct Promo Name,Acct Disc Amt,Mfg Disc Amt,PID Coupon,PID Coupon Disc,Mfg MultiPack Flag,Mfg MultiPack Quantity,Mfg MultiPack Disc Amt,Mfg Promo Desc,Mfg BuyDown Desc,Mfg BuyDown Amt,Mfg MultiPack Desc,Acct Loyalty ID ,Coupon Desc,,,,,,,,,,,,,,,,,,,,,,,,,,,,,,,,,,,,,,,,,,,,,,,,,,,,,,,,,,,,,,,,,,,,,,,,,,,,,
 Reporting Option,NON-PROMOTED UPC for COMPARISON TO OFFER REPORTING EXAMPLES,,Store 459,1,1234 Main St,,Albuquerque,NM,87106,2022-07-18-22:41:00,459012345,1,1,1,4.00,00042100008715,GRIZZLY WNTRGRN LC,CAN,N,,,,,,,,,,,,,RJR Buydown,0.50,,,,,,,,,,,,,,,,,,,,,,,,,,,,,,,,,,,,,,,,,,,,,,,,,,,,,,,,,,,,,,,,,,,,,,,,,,,,,,,,
 Reporting Option,NON-PROMOTED UPC for COMPARISON TO OFFER REPORTING EXAMPLES,,Store 459,1,1234 Main St,,Albuquerque,NM,87106,2022-07-18-22:41:00,459012345,1,1,1,4.00,42100005448,GRIZZLY WINTERGREEN POUCHES,CAN,N,,,,,,,,,,,,,RJR Buydown,0.50,,,,,,,,,,,,,,,,,,,,,,,,,,,,,,,,,,,,,,,,,,,,,,,,,,,,,,,,,,,,,,,,,,,,,,,,,,,,,,,,
42a,"Qty 1 Can - RLFP Offer: Buy 1 Can, Save $0.50 per can, max 5 cans ($2.50 total) per transaction","The offer item should have PROMO FLAG = Y  in field 17, offer discount reported in field 25, the offer description in field 34, and  the retailer's customer loyalty ID reported in field 33.",Store 459,1,1234 Main St,,Albuquerque,NM,87106,2022-07-18-22:02,459098765,1,1,1,3.50,00042100008715,GRIZZLY WNTRGRN LC,CAN,Y,,,,,,,,0.50,,,,,RJR Buydown,0.50,,3h4dff7862as7,20323,,,,,,,,,,,,,,,,,,,,,,,,,,,,,,,,,,,,,,,,,,,,,,,,,,,,,,,,,,,,,,,,,,,,,,,,,,,,,
,,,,,,,,,,,,,,,,,,,,,,,,,,,,,,,,,,,,,,,,,,,,,,,,,,,,,,,,,,,,,,,,,,,,,,,,,,,,,,,,,,,,,,,,,,,,,,,,,,,,,,,,,,,,,,,,,
42b,"Qty 2 Cans  RLFP Offer: Buy 1 Can, Save $0.50 per can, max 5 cans ($2.50 total) per transaction","The offer item should have PROMO FLAG = Y  in field 17, offer discount reported in field 25, the offer description in field 34, and  the retailer's customer loyalty ID reported in field 33.",Store 459,1,1234 Main St,,Albuquerque,NM,87106,2022-07-18-22:02,459098765,1,1,2,3.50,00042100008715,GRIZZLY WNTRGRN LC,CAN,Y,,,,,,,,0.50,,,,,RJR Buydown,0.50,,3h4dff7862as7,20323,,,,,,,,,,,,,,,,,,,,,,,,,,,,,,,,,,,,,,,,,,,,,,,,,,,,,,,,,,,,,,,,,,,,,,,,,,,,,
,,,,,,,,,,,,,,,,,,,,,,,,,,,,,,,,,,,,,,,,,,,,,,,,,,,,,,,,,,,,,,,,,,,,,,,,,,,,,,,,,,,,,,,,,,,,,,,,,,,,,,,,,,,,,,,,,
42c,"Qty 3 Cans   RLFP Offer: Buy 1 Can, Save $0.50 per can, max 5 cans ($2.50 total) per transaction","The offer item should have PROMO FLAG = Y  in field 17, offer discount reported in field 25, the offer description in field 34, and  the retailer's customer loyalty ID reported in field 33.",Store 459,1,1234 Main St,,Albuquerque,NM,87106,2022-07-18-22:02,459098765,1,1,3,3.50,00042100008715,GRIZZLY WNTRGRN LC,CAN,Y,,,,,,,,0.50,,,,,RJR Buydown,0.50,,3h4dff7862as7,20323,,,,,,,,,,,,,,,,,,,,,,,,,,,,,,,,,,,,,,,,,,,,,,,,,,,,,,,,,,,,,,,,,,,,,,,,,,,,,
,,,,,,,,,,,,,,,,,,,,,,,,,,,,,,,,,,,,,,,,,,,,,,,,,,,,,,,,,,,,,,,,,,,,,,,,,,,,,,,,,,,,,,,,,,,,,,,,,,,,,,,,,,,,,,,,,
42d,"Qty 3 Cans Mix and Match - 2 cans of Grizzly LCWG and one can of Grizzly WG Pouch   RLFP Offer: Buy 1 Can, Save $0.50 per can, max 5 cans ($2.50 total) per transaction","The offer item should have PROMO FLAG = Y  in field 17, offer discount reported in field 25, the offer description in field 34, and  the retailer's customer loyalty ID reported in field 33.",Store 459,1,1234 Main St,,Albuquerque,NM,87106,2022-07-18-22:02,459098765,1,1,2,3.50,00042100008715,GRIZZLY WNTRGRN LC,CAN,Y,,,,,,,,0.50,,,,,RJR Buydown,0.50,,3h4dff7862as7,20323,,,,,,,,,,,,,,,,,,,,,,,,,,,,,,,,,,,,,,,,,,,,,,,,,,,,,,,,,,,,,,,,,,,,,,,,,,,,,
,,,Store 459,1,1234 Main St,,Albuquerque,NM,87106,2022-07-18-22:02,459098765,2,1,1,3.50,42100005448,GRIZZLY WNTRGRN LC,CAN,Y,,,,,,,,0.50,,,,,RJR Buydown,0.50,,3h4dff7862as7,20323,,,,,,,,,,,,,,,,,,,,,,,,,,,,,,,,,,,,,,,,,,,,,,,,,,,,,,,,,,,,,,,,,,,,,,,,,,,,,
,,,,,,,,,,,,,,,,,,,,,,,,,,,,,,,,,,,,,,,,,,,,,,,,,,,,,,,,,,,,,,,,,,,,,,,,,,,,,,,,,,,,,,,,,,,,,,,,,,,,,,,,,,,,,,,,,
42e,"Qty 5 Cans  RLFP Offer: Buy 1 Can, Save $0.50 per can, max 5 cans ($2.50 total) per transaction","The offer item should have PROMO FLAG = Y  in field 17, offer discount reported in field 25, the offer description in field 34, and  the retailer's customer loyalty ID reported in field 33.",Store 459,1,1234 Main St,,Albuquerque,NM,87106,2022-07-18-22:02,459098765,1,1,5,3.50,00042100008715,GRIZZLY WNTRGRN LC,CAN,Y,,,,,,,,0.50,,,,,RJR Buydown,0.50,,3h4dff7862as7,20323,,,,,,,,,,,,,,,,,,,,,,,,,,,,,,,,,,,,,,,,,,,,,,,,,,,,,,,,,,,,,,,,,,,,,,,,,,,,,
,,,,,,,,,,,,,,,,,,,,,,,,,,,,,,,,,,,,,,,,,,,,,,,,,,,,,,,,,,,,,,,,,,,,,,,,,,,,,,,,,,,,,,,,,,,,,,,,,,,,,,,,,,,,,,,,,
42f,"Qty 5 Cans  split line market basket   RLFP Offer: Buy 1 Can, Save $0.50 per can, max 5 cans ($2.50 total) per transaction","For split-line market baskets of more than one line item, the offer items should have PROMO FLAG = Y  in field 17, offer discounts reported in field 25, the offer descriptions in field 34, and the retailer's customer loyalty ID reported in field 33.",Store 459,1,1234 Main St,,Albuquerque,NM,87106,2022-07-18-22:02,45998769,1,1,1,3.50,00042100008715,GRIZZLY WNTRGRN LC,CAN,Y,,,,,,,,0.50,,,,,RJR Buydown,0.50,,3h4dff7862as7,20323,,,,,,,,,,,,,,,,,,,,,,,,,,,,,,,,,,,,,,,,,,,,,,,,,,,,,,,,,,,,,,,,,,,,,,,,,,,,,
,,,Store 459,1,1234 Main St,,Albuquerque,NM,87106,2022-07-18-22:02,45998769,2,1,1,3.50,00042100008715,GRIZZLY WNTRGRN LC,CAN,Y,,,,,,,,0.50,,,,,RJR Buydown,0.50,,3h4dff7862as7,20323,,,,,,,,,,,,,,,,,,,,,,,,,,,,,,,,,,,,,,,,,,,,,,,,,,,,,,,,,,,,,,,,,,,,,,,,,,,,,
,,,Store 459,1,1234 Main St,,Albuquerque,NM,87106,2022-07-18-22:02,45998769,3,1,1,3.50,00042100008715,GRIZZLY WNTRGRN LC,CAN,Y,,,,,,,,0.50,,,,,RJR Buydown,0.50,,3h4dff7862as7,20323,,,,,,,,,,,,,,,,,,,,,,,,,,,,,,,,,,,,,,,,,,,,,,,,,,,,,,,,,,,,,,,,,,,,,,,,,,,,,
,,,Store 459,1,1234 Main St,,Albuquerque,NM,87106,2022-07-18-22:02,45998769,4,1,1,3.50,00042100008715,GRIZZLY WNTRGRN LC,CAN,Y,,,,,,,,0.50,,,,,RJR Buydown,0.50,,3h4dff7862as7,20323,,,,,,,,,,,,,,,,,,,,,,,,,,,,,,,,,,,,,,,,,,,,,,,,,,,,,,,,,,,,,,,,,,,,,,,,,,,,,
,,,Store 459,1,1234 Main St,,Albuquerque,NM,87106,2022-07-18-22:02,45998769,5,1,1,3.50,00042100008715,GRIZZLY WNTRGRN LC,CAN,Y,,,,,,,,0.50,,,,,RJR Buydown,0.50,,3h4dff7862as7,20323,,,,,,,,,,,,,,,,,,,,,,,,,,,,,,,,,,,,,,,,,,,,,,,,,,,,,,,,,,,,,,,,,,,,,,,,,,,,,
,,,,,,,,,,,,,,,,,,,,,,,,,,,,,,,,,,,,,,,,,,,,,,,,,,,,,,,,,,,,,,,,,,,,,,,,,,,,,,,,,,,,,,,,,,,,,,,,,,,,,,,,,,,,,,,,,
,,,,,,,,,,,,,,,,,,,,,,,,,,,,,,,,,,,,,,,,,,,,,,,,,,,,,,,,,,,,,,,,,,,,,,,,,,,,,,,,,,,,,,,,,,,,,,,,,,,,,,,,,,,,,,,,,
LOYALTY OFFERS ARE NOT INCREMENTAL. Transactions with a QTY  greater than the OFFER MAX QTY require appropriate PRICE and DISCOUNT REPORTING. AVG PRICE and AVG DISCOUNT based on QTY,,,,,,,,,,,,,,,,,,,,,,,,,,,,,,,,,,,,,,,,,,,,,,,,,,,,,,,,,,,,,,,,,,,,,,,,,,,,,,,,,,,,,,,,,,,,,,,,,,,,,,,,,,,,,,,,,
,,,,,,,,,,,,,,,,,,,,,,,,,,,,,,,,,,,,,,,,,,,,,,,,,,,,,,,,,,,,,,,,,,,,,,,,,,,,,,,,,,,,,,,,,,,,,,,,,,,,,,,,,,,,,,,,,
42g - correct & ideal reporting,"Qty 7 CANS: the loyalty offer is not incremental   RLFP Offer: Buy 1 Can, Save $0.50 per can, max 5 cans ($2.50 total) per transaction ","Split-line market basket:  the discounted item should have the discount  in field 25, the offer description on each line item in field 34, the promo flag = Y on the offer item line only. The retailer's customer loyalty ID on all lines in the market basket, including any items that did not qualify for the offer. ",Store 459,1,1234 Main St,,Albuquerque,NM,87106,2022-07-18-22:06,45998766,1,1,5,3.50,00042100008715,GRIZZLY WNTRGRN LC,CAN,Y,,,,,,,,0.50,,,,,RJR Buydown,0.50,,3h4dff7862as7,20323,,,,,,,,,,,,,,,,,,,,,,,,,,,,,,,,,,,,,,,,,,,,,,,,,,,,,,,,,,,,,,,,,,,,,,,,,,,,,
,,,Store 459,1,1234 Main St,,Albuquerque,NM,87106,2022-07-18-22:06,45998766,2,1,2,4.00,00042100008715,GRIZZLY WNTRGRN LC,CAN,N,,,,,,,,,,,,,RJR Buydown,0.50,,3h4dff7862as7,,,,,,,,,,,,,,,,,,,,,,,,,,,,,,,,,,,,,,,,,,,,,,,,,,,,,,,,,,,,,,,,,,,,,,,,,,,,,,
,,,,,,,,,,,,,,,,,,,,,,,,,,,,,,,,,,,,,,,,,,,,,,,,,,,,,,,,,,,,,,,,,,,,,,,,,,,,,,,,,,,,,,,,,,,,,,,,,,,,,,,,,,,,,,,,,
42h - not preferred,Qty 7 CANS: the loyalty offer is not incremental ,Here the discount amount and price is averaged across the entire purchase qty of the trigger UPC. ,Store 459,1,1234 Main St,,Albuquerque,NM,87106,2022-07-18-22:06,45998766,1,1,7,3.64,00042100008715,GRIZZLY WNTRGRN LC,CAN,Y,,,,,,,,0.36,,,,,RJR Buydown,0.50,,3h4dff7862as7,20323,,,,,,,,,,,,,,,,,,,,,,,,,,,,,,,,,,,,,,,,,,,,,,,,,,,,,,,,,,,,,,,,,,,,,,,,,,,,,
,,,,,,,,,,,,,,,,,,,,,,,,,,,,,,,,,,,,,,,,,,,,,,,,,,,,,,,,,,,,,,,,,,,,,,,,,,,,,,,,,,,,,,,,,,,,,,,,,,,,,,,,,,,,,,,,,
,,,,,,,,,,,,,,,,,,,,,,,,,,,,,,,,,,,,,,,,,,,,,,,,,,,,,,,,,,,,,,,,,,,,,,,,,,,,,,,,,,,,,,,,,,,,,,,,,,,,,,,,,,,,,,,,,
,NON-PROMOTED UPC for COMPARISON TO OFFER REPORTING EXAMPLES,,Store 459,1,1234 Main St,,Albuquerque,NM,87106,2022-07-18-22:41:00,459012345,2,1,1,20.00,00042100012187,GRIZZLY WNTRGRN LC,ROLL,,,,,,,,,,,,,,RJR Buydown,2.50,,,,,,,,,,,,,,,,,,,,,,,,,,,,,,,,,,,,,,,,,,,,,,,,,,,,,,,,,,,,,,,,,,,,,,,,,,,,,,,,
,,,,,,,,,,,,,,,,,,,,,,,,,,,,,,,,,,,,,,,,,,,,,,,,,,,,,,,,,,,,,,,,,,,,,,,,,,,,,,,,,,,,,,,,,,,,,,,,,,,,,,,,,,,,,,,,,
43a,"Qty 1 Roll   RLFP Offer: Buy 1 Can, Save $0.50 per can, max 5 cans ($2.50 total) per transaction","The offer item should have PROMO FLAG = Y  in field 17, offer discount reported in field 25, the offer description in field 34, and  the retailer's customer loyalty ID reported in field 33.",Store 459,1,1234 Main St,,Albuquerque,NM,87106,2022-01-18-21:02,459098765,1,1,1,17.50,00042100012187,GRIZZLY WNTRGRN LC,ROLL,Y,,,,,,,,2.50,,,,,RJR Buydown,2.50,,3h4dff7862as7,20323,,,,,,,,,,,,,,,,,,,,,,,,,,,,,,,,,,,,,,,,,,,,,,,,,,,,,,,,,,,,,,,,,,,,,,,,,,,,,
,,,,,,,,,,,,,,,,,,,,,,,,,,,,,,,,,,,,,,,,,,,,,,,,,,,,,,,,,,,,,,,,,,,,,,,,,,,,,,,,,,,,,,,,,,,,,,,,,,,,,,,,,,,,,,,,,
,,,,,,,,,,,,,,,,,,,,,,,,,,,,,,,,,,,,,,,,,,,,,,,,,,,,,,,,,,,,,,,,,,,,,,,,,,,,,,,,,,,,,,,,,,,,,,,,,,,,,,,,,,,,,,,,,
LOYALTY OFFERS ARE NOT INCREMENTAL. Transactions with a QTY  greater than the OFFER MAX QTY require appropriate PRICE and DISCOUNT REPORTING. AVG PRICE and AVG DISCOUNT based on QTY,,,,,,,,,,,,,,,,,,,,,,,,,,,,,,,,,,,,,,,,,,,,,,,,,,,,,,,,,,,,,,,,,,,,,,,,,,,,,,,,,,,,,,,,,,,,,,,,,,,,,,,,,,,,,,,,,
,,,,,,,,,,,,,,,,,,,,,,,,,,,,,,,,,,,,,,,,,,,,,,,,,,,,,,,,,,,,,,,,,,,,,,,,,,,,,,,,,,,,,,,,,,,,,,,,,,,,,,,,,,,,,,,,,
43b- correct & ideal reporting,"Qty 2 ROLLS: the loyalty offer is not incremental - split line market basket   RLFP Offer: Buy 1 Can, Save $0.50 per can, max 5 cans ($2.50 total) per transaction","Split-line market basket:  the discounted item should have the discount  in field 25, the offer description on each line item in field 34, the promo flag = Y on the offer item line only. The retailer's customer loyalty ID on all lines in the market basket, including any items that did not qualify for the offer. ",Store 459,1,1234 Main St,,Albuquerque,NM,87106,2022-07-18-22:06,45998766,1,1,1,17.50,00042100012187,GRIZZLY WNTRGRN LC,ROLL,Y,,,,,,,,2.50,,,,,RJR Buydown,2.50,,3h4dff7862as7,20323,,,,,,,,,,,,,,,,,,,,,,,,,,,,,,,,,,,,,,,,,,,,,,,,,,,,,,,,,,,,,,,,,,,,,,,,,,,,,
,,,Store 459,1,1234 Main St,,Albuquerque,NM,87106,2022-07-18-22:06,45998766,2,1,1,20.00,00042100012187,GRIZZLY WNTRGRN LC,ROLL,N,,,,,,,,,,,,,RJR Buydown,2.50,,3h4dff7862as7,,,,,,,,,,,,,,,,,,,,,,,,,,,,,,,,,,,,,,,,,,,,,,,,,,,,,,,,,,,,,,,,,,,,,,,,,,,,,,
,,,,,,,,,,,,,,,,,,,,,,,,,,,,,,,,,,,,,,,,,,,,,,,,,,,,,,,,,,,,,,,,,,,,,,,,,,,,,,,,,,,,,,,,,,,,,,,,,,,,,,,,,,,,,,,,,
43c - not preferred,Qty 2 ROLLS: the loyalty offer is not incremental ,Here the discount amount and price is averaged across the entire purchase qty of the trigger UPC. ,Store 459,1,1234 Main St,,Albuquerque,NM,87106,2022-07-18-22:06,45998766,1,1,2,18.75,00042100012187,GRIZZLY WNTRGRN LC,ROLL,Y,,,,,,,,1.25,,,,,RJR Buydown,2.50,,3h4dff7862as7,20323,,,,,,,,,,,,,,,,,,,,,,,,,,,,,,,,,,,,,,,,,,,,,,,,,,,,,,,,,,,,,,,,,,,,,,,,,,,,,
,,,,,,,,,,,,,,,,,,,,,,,,,,,,,,,,,,,,,,,,,,,,,,,,,,,,,,,,,,,,,,,,,,,,,,,,,,,,,,,,,,,,,,,,,,,,,,,,,,,,,,,,,,,,,,,,,
,,,,,,,,,,,,,,,,,,,,,,,,,,,,,,,,,,,,,,,,,,,,,,,,,,,,,,,,,,,,,,,,,,,,,,,,,,,,,,,,,,,,,,,,,,,,,,,,,,,,,,,,,,,,,,,,,
,,,,,,,,,,,,,,,,,,,,,,,,,,,,,,,,,,,,,,,,,,,,,,,,,,,,,,,,,,,,,,,,,,,,,,,,,,,,,,,,,,,,,,,,,,,,,,,,,,,,,,,,,,,,,,,,,
44a,"Qty 2 Cans   RLFP Offer: Buy 1 Can, Save $0.50 per can, max 5 cans ($2.50 total) per transaction + Grizzly MCE Save $0.50 on 2 or more","The offer item should have PROMO FLAG = Y  in field 17, offer discount reported in field 25, the offer description in field 34, and  the retailer's customer loyalty ID reported in field 33.",Store 459,1,1234 Main St,,Albuquerque,NM,87106,2022-07-18-22:02,459098765,1,1,2,3.00,00042100008715,GRIZZLY WNTRGRN LC,CAN,Y,,,,,,,,0.50,Y,2,0.50,,RJR Buydown,0.50,Grizzly MCE,3h4dff7862as7,20323,,,,,,,,,,,,,,,,,,,,,,,,,,,,,,,,,,,,,,,,,,,,,,,,,,,,,,,,,,,,,,,,,,,,,,,,,,,,,
,,,,,,,,,,,,,,,,,,,,,,,,,,,,,,,,,,,,,,,,,,,,,,,,,,,,,,,,,,,,,,,,,,,,,,,,,,,,,,,,,,,,,,,,,,,,,,,,,,,,,,,,,,,,,,,,,
44b,"Qty 3 Cans:   RLFP Offer: Buy 1 Can, Save $0.50 per can, max 5 cans ($2.50 total) per transaction + Grizzly MCE Save $0.50 on 2 or more","The offer item should have PROMO FLAG = Y  in field 17, offer discount reported in field 25, the offer description in field 34, and  the retailer's customer loyalty ID reported in field 33.",Store 459,1,1234 Main St,,Albuquerque,NM,87106,2022-07-18-22:02,459098765,1,1,3,3.00,00042100008715,GRIZZLY WNTRGRN LC,CAN,Y,,,,,,,,0.50,Y,2,0.50,,RJR Buydown,0.50,Grizzly MCE,3h4dff7862as7,20323,,,,,,,,,,,,,,,,,,,,,,,,,,,,,,,,,,,,,,,,,,,,,,,,,,,,,,,,,,,,,,,,,,,,,,,,,,,,,
,,,,,,,,,,,,,,,,,,,,,,,,,,,,,,,,,,,,,,,,,,,,,,,,,,,,,,,,,,,,,,,,,,,,,,,,,,,,,,,,,,,,,,,,,,,,,,,,,,,,,,,,,,,,,,,,,
44c,"Qty 3 Cans Mix and Match - 2 cans of Grizzly LCWG and one can of Grizzly WG Pouch.  RLFP Offer: Buy 1 Can, Save $0.50 per can, max 5 cans ($2.50 total) per transaction +  Grizzly MCE Save $0.50 on 2 or more","The offer item should have PROMO FLAG = Y  in field 17, offer discount reported in field 25, the offer description in field 34, and  the retailer's customer loyalty ID reported in field 33.",Store 459,1,1234 Main St,,Albuquerque,NM,87106,2022-07-18-22:02,459098765,1,1,2,3.00,00042100008715,GRIZZLY WNTRGRN LC,CAN,Y,,,,,,,,0.50,Y,2,0.50,,RJR Buydown,0.50,Grizzly MCE,3h4dff7862as7,20323,,,,,,,,,,,,,,,,,,,,,,,,,,,,,,,,,,,,,,,,,,,,,,,,,,,,,,,,,,,,,,,,,,,,,,,,,,,,,
,,,Store 459,1,1234 Main St,,Albuquerque,NM,87106,2022-07-18-22:02,459098765,2,1,1,3.00,42100005448,GRIZZLY WINTERGREEN POUCHES,CAN,Y,,,,,,,,0.50,Y,2,0.50,,RJR Buydown,0.50,Grizzly MCE,3h4dff7862as7,20323,,,,,,,,,,,,,,,,,,,,,,,,,,,,,,,,,,,,,,,,,,,,,,,,,,,,,,,,,,,,,,,,,,,,,,,,,,,,,
,,,,,,,,,,,,,,,,,,,,,,,,,,,,,,,,,,,,,,,,,,,,,,,,,,,,,,,,,,,,,,,,,,,,,,,,,,,,,,,,,,,,,,,,,,,,,,,,,,,,,,,,,,,,,,,,,
45a,"Qty 5 Cans. Promos Applied: RLFP Offer: Buy 1 Can, Save $0.50 per can, max 5 cans ($2.50 total) per transaction + Grizzly MCE Save $0.50 on 2 or more; $1 off 1 can coupon","The offer item should have PROMO FLAG = Y  in field 17; Coupon UPC /PID in field 24, and coupon discount combined with RFLP offer discount reported in field 25, the RFLP offer  description in field 34, and  the retailer's customer loyalty ID reported in field 33. MP details in fields 26,27, 28, 32; ",Store 459,1,1234 Main St,,Albuquerque,NM,87106,2022-07-18-22:02,459098765,1,1,5,2.80,00042100008715,GRIZZLY WNTRGRN LC,CAN,Y,,,,,,,542100130763,0.70,Y,2,0.50,,RJR Buydown,0.50,Grizzly MCE,3h4dff7862as7,20323,,,,,,,,,,,,,,,,,,,,,,,,,,,,,,,,,,,,,,,,,,,,,,,,,,,,,,,,,,,,,,,,,,,,,,,,,,,,,
,,,,,,,,,,,,,,,,,,,,,,,,,,,,,,,,,,,,,,,,,,,,,,,,,,,,,,,,,,,,,,,,,,,,,,,,,,,,,,,,,,,,,,,,,,,,,,,,,,,,,,,,,,,,,,,,,
45b- incorrect reporting,"Qty 5 Cans. Promos Applied:  RLFP Offer: Buy 1 Can, Save $0.50 per can, max 5 cans ($2.50 total) per transaction + Grizzly MCE B2G$0.50, $1 off 1 can coupon","If Grizzly MCE set up is not additive, but multiples of 2 (even quantities) only. Total MP discount applied here is $2.00 on 4 units vs. $2.50 on 5. DO NOT FLAG AS MP units that DO NOT GET MP DISCOUNTS.  See example b2 on how to report this scenario accurately.  ",Store 459,1,1234 Main St,,Albuquerque,NM,87106,2022-07-18-22:02,459098765,1,1,5,2.90,00042100008715,GRIZZLY WNTRGRN LC,CAN,Y,,,,,,,542100130763,0.70,Y,2,0.40,,RJR Buydown,0.50,Grizzly MCE,3h4dff7862as7,20323,,,,,,,,,,,,,,,,,,,,,,,,,,,,,,,,,,,,,,,,,,,,,,,,,,,,,,,,,,,,,,,,,,,,,,,,,,,,,
,,,,,,,,,,,,,,,,,,,,,,,,,,,,,,,,,,,,,,,,,,,,,,,,,,,,,,,,,,,,,,,,,,,,,,,,,,,,,,,,,,,,,,,,,,,,,,,,,,,,,,,,,,,,,,,,,
45c,"Qty 5 Cans. RLFP Offer: Buy 1 Can, Save $0.50 per can, max 5 cans ($2.50 total) per transaction +  Grizzly MCE on even quantities only (2 or 4) Save $0.50 on 2, $1 off 1 can coupon","The offer items  should have PROMO FLAG = Y  in field 17. Split line reporting allows the coupon detail to apply only to one line item. Coupon UPC /PID in field 24, and coupon discount combined with RFLP offer discount reported in field 25, the RFLP offer  description in field 34, and the retailer's customer loyalty ID reported in field 33. MP details in fields 26,27, 28, 32; only on the units that got the MP Discount. ",Store 459,1,1234 Main St,,Albuquerque,NM,87106,2022-07-18-22:02,45998769,1,1,4,2.75,00042100008715,GRIZZLY WNTRGRN LC,CAN,Y,,,,,,,542100130763,0.75,Y,2,0.50,,RJR Buydown,0.50,Grizzly MCE,3h4dff7862as7,20323,,,,,,,,,,,,,,,,,,,,,,,,,,,,,,,,,,,,,,,,,,,,,,,,,,,,,,,,,,,,,,,,,,,,,,,,,,,,,
,,,Store 459,1,1234 Main St,,Albuquerque,NM,87106,2022-07-18-22:02,45998769,2,1,1,3.50,00042100008715,GRIZZLY WNTRGRN LC,CAN,Y,,,,,,,,0.50,,,,,RJR Buydown,0.50,,3h4dff7862as7,20323,,,,,,,,,,,,,,,,,,,,,,,,,,,,,,,,,,,,,,,,,,,,,,,,,,,,,,,,,,,,,,,,,,,,,,,,,,,,,
,,,,,,,,,,,,,,,,,,,,,,,,,,,,,,,,,,,,,,,,,,,,,,,,,,,,,,,,,,,,,,,,,,,,,,,,,,,,,,,,,,,,,,,,,,,,,,,,,,,,,,,,,,,,,,,,,
45d,"Qty 5 Cans. RLFP Offer: Buy 1 Can, Save $0.50 per can, max 5 cans ($2.50 total) per transaction + Grizzly MCE Save $0.50 on 2 or more, $1 off 1 can coupon","The offer items  should have PROMO FLAG = Y  in field 17. Split line reporting allows the coupon detail to apply only to one line item. Coupon UPC /PID in field 24, and coupon discount combined with RFLP offer discount reported in field 25, the RFLP offer  description in field 34, and the retailer's customer loyalty ID reported in field 33. MP details in fields 26,27, 28, 32; only on the units that got the MP Discount. ",Store 459,1,1234 Main St,,Albuquerque,NM,87106,2022-07-18-22:02,45998769,1,1,4,3.00,00042100008715,GRIZZLY WNTRGRN LC,CAN,Y,,,,,,,,0.50,Y,2,0.50,,RJR Buydown,0.50,Grizzly MCE,3h4dff7862as7,20722,,,,,,,,,,,,,,,,,,,,,,,,,,,,,,,,,,,,,,,,,,,,,,,,,,,,,,,,,,,,,,,,,,,,,,,,,,,,,
,,,Store 459,1,1234 Main St,,Albuquerque,NM,87106,2022-07-18-22:02,45998769,2,1,1,2.50,00042100008715,GRIZZLY WNTRGRN LC,CAN,Y,,,,,,,542100130763,1.50,,,,,RJR Buydown,0.50,,3h4dff7862as7,20722,,,,,,,,,,,,,,,,,,,,,,,,,,,,,,,,,,,,,,,,,,,,,,,,,,,,,,,,,,,,,,,,,,,,,,,,,,,,,
,,,,,,,,,,,,,,,,,,,,,,,,,,,,,,,,,,,,,,,,,,,,,,,,,,,,,,,,,,,,,,,,,,,,,,,,,,,,,,,,,,,,,,,,,,,,,,,,,,,,,,,,,,,,,,,,,
45e,"Qty 5 Cans.  RLFP Offer: Buy 1 Can, Save $0.50 per can, max 5 cans ($2.50 total) per transaction + Grizzly MCE Save $0.50 on 2 or more, $1 off 1 can coupon","The offer items  should have PROMO FLAG = Y  in field 17. Split line reporting allows the coupon detail to apply only to one line item. Coupon UPC /PID in field 24, and coupon discount combined with RFLP offer discount reported in field 25, the RFLP offer  description in field 34, and the retailer's customer loyalty ID reported in field 33. MP details in fields 26,27, 28, 32; ",Store 459,1,1234 Main St,,Albuquerque,NM,87106,2022-07-18-22:02,45998769,1,1,1,2.00,00042100008715,GRIZZLY WNTRGRN LC,CAN,Y,,,,,,,542100130763,1.50,Y,2,0.50,,RJR Buydown,0.50,Grizzly MCE,3h4dff7862as7,20323,,,,,,,,,,,,,,,,,,,,,,,,,,,,,,,,,,,,,,,,,,,,,,,,,,,,,,,,,,,,,,,,,,,,,,,,,,,,,
,,,Store 459,1,1234 Main St,,Albuquerque,NM,87106,2022-07-18-22:02,45998769,2,1,1,3.00,00042100008715,GRIZZLY WNTRGRN LC,CAN,Y,,,,,,,,0.50,Y,2,0.50,,RJR Buydown,0.50,Grizzly MCE,3h4dff7862as7,20323,,,,,,,,,,,,,,,,,,,,,,,,,,,,,,,,,,,,,,,,,,,,,,,,,,,,,,,,,,,,,,,,,,,,,,,,,,,,,
,,,Store 459,1,1234 Main St,,Albuquerque,NM,87106,2022-07-18-22:02,45998769,3,1,1,3.00,00042100008715,GRIZZLY WNTRGRN LC,CAN,Y,,,,,,,,0.50,Y,2,0.50,,RJR Buydown,0.50,Grizzly MCE,3h4dff7862as7,20323,,,,,,,,,,,,,,,,,,,,,,,,,,,,,,,,,,,,,,,,,,,,,,,,,,,,,,,,,,,,,,,,,,,,,,,,,,,,,
,,,Store 459,1,1234 Main St,,Albuquerque,NM,87106,2022-07-18-22:02,45998769,4,1,1,3.00,00042100008715,GRIZZLY WNTRGRN LC,CAN,Y,,,,,,,,0.50,Y,2,0.50,,RJR Buydown,0.50,Grizzly MCE,3h4dff7862as7,20323,,,,,,,,,,,,,,,,,,,,,,,,,,,,,,,,,,,,,,,,,,,,,,,,,,,,,,,,,,,,,,,,,,,,,,,,,,,,,
,,,Store 459,1,1234 Main St,,Albuquerque,NM,87106,2022-07-18-22:02,45998769,5,1,1,3.00,00042100008715,GRIZZLY WNTRGRN LC,CAN,Y,,,,,,,,0.50,Y,2,0.50,,RJR Buydown,0.50,Grizzly MCE,3h4dff7862as7,20323,,,,,,,,,,,,,,,,,,,,,,,,,,,,,,,,,,,,,,,,,,,,,,,,,,,,,,,,,,,,,,,,,,,,,,,,,,,,,
,,,,,,,,,,,,,,,,,,,,,,,,,,,,,,,,,,,,,,,,,,,,,,,,,,,,,,,,,,,,,,,,,,,,,,,,,,,,,,,,,,,,,,,,,,,,,,,,,,,,,,,,,,,,,,,,,
46,"Qty 5 Cans. RLFP Offer: Buy 1 Can, Save $0.50 per can, max 5 cans ($2.50 total) per transaction + Grizzly MCE on even quantities only (2 or 4) Save $0.50 on 2, $1 off 1 can coupon","The offer items  should have PROMO FLAG = Y  in field 17. Split line reporting allows the coupon detail to apply only to one line item. Coupon UPC /PID in field 24, and coupon discount combined with RFLP offer discount reported in field 25, the RFLP offer  description in field 34, and the retailer's customer loyalty ID reported in field 33. MP details in fields 26,27, 28, 32; only on the units that got the MP Discount. ",Store 459,1,1234 Main St,,Albuquerque,NM,87106,2022-07-18-22:02,45998769,1,1,1,2.00,00042100008715,GRIZZLY WNTRGRN LC,CAN,Y,,,,,,,542100130763,1.50,Y,2,0.50,,RJR Buydown,0.50,Grizzly MCE,3h4dff7862as7,20323,,,,,,,,,,,,,,,,,,,,,,,,,,,,,,,,,,,,,,,,,,,,,,,,,,,,,,,,,,,,,,,,,,,,,,,,,,,,,
,,,Store 459,1,1234 Main St,,Albuquerque,NM,87106,2022-07-18-22:02,45998769,2,1,1,3.00,00042100008715,GRIZZLY WNTRGRN LC,CAN,Y,,,,,,,,0.50,Y,2,0.50,,RJR Buydown,0.50,Grizzly MCE,3h4dff7862as7,20323,,,,,,,,,,,,,,,,,,,,,,,,,,,,,,,,,,,,,,,,,,,,,,,,,,,,,,,,,,,,,,,,,,,,,,,,,,,,,
,,,Store 459,1,1234 Main St,,Albuquerque,NM,87106,2022-07-18-22:02,45998769,3,1,1,3.00,00042100008715,GRIZZLY WNTRGRN LC,CAN,Y,,,,,,,,0.50,Y,2,0.50,,RJR Buydown,0.50,Grizzly MCE,3h4dff7862as7,20323,,,,,,,,,,,,,,,,,,,,,,,,,,,,,,,,,,,,,,,,,,,,,,,,,,,,,,,,,,,,,,,,,,,,,,,,,,,,,
,,,Store 459,1,1234 Main St,,Albuquerque,NM,87106,2022-07-18-22:02,45998769,4,1,1,3.00,00042100008715,GRIZZLY WNTRGRN LC,CAN,Y,,,,,,,,0.50,Y,2,0.50,,RJR Buydown,0.50,Grizzly MCE,3h4dff7862as7,20323,,,,,,,,,,,,,,,,,,,,,,,,,,,,,,,,,,,,,,,,,,,,,,,,,,,,,,,,,,,,,,,,,,,,,,,,,,,,,
,,,Store 459,1,1234 Main St,,Albuquerque,NM,87106,2022-07-18-22:02,45998769,5,1,1,3.50,00042100008715,GRIZZLY WNTRGRN LC,CAN,Y,,,,,,,,0.50,,,,,RJR Buydown,0.50,,3h4dff7862as7,20323,,,,,,,,,,,,,,,,,,,,,,,,,,,,,,,,,,,,,,,,,,,,,,,,,,,,,,,,,,,,,,,,,,,,,,,,,,,,,
,,,,,,,,,,,,,,,,,,,,,,,,,,,,,,,,,,,,,,,,,,,,,,,,,,,,,,,,,,,,,,,,,,,,,,,,,,,,,,,,,,,,,,,,,,,,,,,,,,,,,,,,,,,,,,,,,
47a,"Qty 5 Cans.  RLFP Offer: Buy 1 Can, Save $0.50 per can, max 5 cans ($2.50 total) per transaction + Grizzly MCE Save $0.50 on 2 or more; $1 off 1 can coupon; $1.00 off JBF when you buy 5","The offer item should have PROMO FLAG = Y  in field 17; Coupon UPC /PID in field 24, and coupon discount combined with RFLP offer discount reported in field 25, the RFLP offer  description in field 34, and  the retailer's customer loyalty ID reported in field 33. MP details in fields 26,27, 28, 32; ",Store 459,1,1234 Main St,,Albuquerque,NM,87106,2022-07-18-22:02,459098765,1,1,5,2.60,00042100008715,GRIZZLY WNTRGRN LC,CAN,Y,,,,,,0.20,542100130763,0.70,Y,2,0.50,RJR JBF,RJR Buydown,0.50,Grizzly MCE,3h4dff7862as7,20323,,,,,,,,,,,,,,,,,,,,,,,,,,,,,,,,,,,,,,,,,,,,,,,,,,,,,,,,,,,,,,,,,,,,,,,,,,,,,
,,,,,,,,,,,,,,,,,,,,,,,,,,,,,,,,,,,,,,,,,,,,,,,,,,,,,,,,,,,,,,,,,,,,,,,,,,,,,,,,,,,,,,,,,,,,,,,,,,,,,,,,,,,,,,,,,
47b,"Qty 5 Cans.  RLFP Offer: Buy 1 Can, Save $0.50 per can, max 5 cans ($2.50 total) per transaction + Grizzly MCE Save $0.50 on 2 or more, $1 off 1 can coupon; $1.00 off JBF when you buy 5","The offer items  should have PROMO FLAG = Y  in field 17. Split line reporting allows the coupon detail to apply only to one line item. Coupon UPC /PID in field 24, and coupon discount combined with RFLP offer discount reported in field 25, the RFLP offer  description in field 34, and the retailer's customer loyalty ID reported in field 33. MP details in fields 26,27, 28, 32; ",Store 459,1,1234 Main St,,Albuquerque,NM,87106,2022-07-18-22:02,45998769,1,1,1,1.80,00042100008715,GRIZZLY WNTRGRN LC,CAN,Y,,,,,,0.20,542100130763,1.50,Y,2,0.50,RJR JBF,RJR Buydown,0.50,Grizzly MCE,3h4dff7862as7,20323,,,,,,,,,,,,,,,,,,,,,,,,,,,,,,,,,,,,,,,,,,,,,,,,,,,,,,,,,,,,,,,,,,,,,,,,,,,,,
,,,Store 459,1,1234 Main St,,Albuquerque,NM,87106,2022-07-18-22:02,45998769,2,1,1,2.80,00042100008715,GRIZZLY WNTRGRN LC,CAN,Y,,,,,,0.20,,0.50,Y,2,0.50,RJR JBF,RJR Buydown,0.50,Grizzly MCE,3h4dff7862as7,20323,,,,,,,,,,,,,,,,,,,,,,,,,,,,,,,,,,,,,,,,,,,,,,,,,,,,,,,,,,,,,,,,,,,,,,,,,,,,,
,,,Store 459,1,1234 Main St,,Albuquerque,NM,87106,2022-07-18-22:02,45998769,3,1,1,2.80,00042100008715,GRIZZLY WNTRGRN LC,CAN,Y,,,,,,0.20,,0.50,Y,2,0.50,RJR JBF,RJR Buydown,0.50,Grizzly MCE,3h4dff7862as7,20323,,,,,,,,,,,,,,,,,,,,,,,,,,,,,,,,,,,,,,,,,,,,,,,,,,,,,,,,,,,,,,,,,,,,,,,,,,,,,
,,,Store 459,1,1234 Main St,,Albuquerque,NM,87106,2022-07-18-22:02,45998769,4,1,1,2.80,00042100008715,GRIZZLY WNTRGRN LC,CAN,Y,,,,,,0.20,,0.50,Y,2,0.50,RJR JBF,RJR Buydown,0.50,Grizzly MCE,3h4dff7862as7,20323,,,,,,,,,,,,,,,,,,,,,,,,,,,,,,,,,,,,,,,,,,,,,,,,,,,,,,,,,,,,,,,,,,,,,,,,,,,,,
,,,Store 459,1,1234 Main St,,Albuquerque,NM,87106,2022-07-18-22:02,45998769,5,1,1,2.80,00042100008715,GRIZZLY WNTRGRN LC,CAN,Y,,,,,,0.20,,0.50,Y,2,0.50,RJR JBF,RJR Buydown,0.50,Grizzly MCE,3h4dff7862as7,20323,,,,,,,,,,,,,,,,,,,,,,,,,,,,,,,,,,,,,,,,,,,,,,,,,,,,,,,,,,,,,,,,,,,,,,,,,,,,,
,,,,,,,,,,,,,,,,,,,,,,,,,,,,,,,,,,,,,,,,,,,,,,,,,,,,,,,,,,,,,,,,,,,,,,,,,,,,,,,,,,,,,,,,,,,,,,,,,,,,,,,,,,,,,,,,,
,,,,,,,,,,,,,,,,,,,,,,,,,,,,,,,,,,,,,,,,,,,,,,,,,,,,,,,,,,,,,,,,,,,,,,,,,,,,,,,,,,,,,,,,,,,,,,,,,,,,,,,,,,,,,,,,,
LOYALTY OFFERS ARE NOT INCREMENTAL. Transactions with a QTY  greater than the OFFER MAX QTY require appropriate PRICE and DISCOUNT REPORTING. AVG PRICE and AVG DISCOUNT based on QTY,,,,,,,,,,,,,,,,,,,,,,,,,,,,,,,,,,,,,,,,,,,,,,,,,,,,,,,,,,,,,,,,,,,,,,,,,,,,,,,,,,,,,,,,,,,,,,,,,,,,,,,,,,,,,,,,,
,,,,,,,,,,,,,,,,,,,,,,,,,,,,,,,,,,,,,,,,,,,,,,,,,,,,,,,,,,,,,,,,,,,,,,,,,,,,,,,,,,,,,,,,,,,,,,,,,,,,,,,,,,,,,,,,,
48a - correct & ideal reporting,"Qty 7 CANS: the loyalty offer is not incremental . RLFP Offer: Buy 1 Can, Save $0.50 per can, max 5 cans ($2.50 total) per transaction + Grizzly MCE Save $0.50 on 2 or more, $1 off 1 can coupon","Here the Market Basket is split into two transactions. Both have MP reporting as this example reflects an incremental MP set up. The Loyalty offer applied only to the 1st transaction of 5 cans. The coupon applied to the 2nd transaction of 2 units. However, the coupon could be applied to either line in the transaction. ",Store 459,1,1234 Main St,,Albuquerque,NM,87106,2022-07-18-22:06,45998766,1,1,5,3.00,00042100008715,GRIZZLY WNTRGRN LC,CAN,Y,,,,,,,,0.50,Y,2,0.50,,RJR Buydown,0.50,Grizzly MCE,3h4dff7862as7,20323,,,,,,,,,,,,,,,,,,,,,,,,,,,,,,,,,,,,,,,,,,,,,,,,,,,,,,,,,,,,,,,,,,,,,,,,,,,,,
,,,Store 459,1,1234 Main St,,Albuquerque,NM,87106,2022-07-18-22:06,45998766,2,1,2,2.50,00042100008715,GRIZZLY WNTRGRN LC,CAN,Y,,,,,,,542100130763,1.00,Y,2,0.50,,RJR Buydown,0.50,Grizzly MCE,3h4dff7862as7,,,,,,,,,,,,,,,,,,,,,,,,,,,,,,,,,,,,,,,,,,,,,,,,,,,,,,,,,,,,,,,,,,,,,,,,,,,,,,
,,,,,,,,,,,,,,,,,,,,,,,,,,,,,,,,,,,,,,,,,,,,,,,,,,,,,,,,,,,,,,,,,,,,,,,,,,,,,,,,,,,,,,,,,,,,,,,,,,,,,,,,,,,,,,,,,
49b - not preferred,"Qty 7 CANS: the loyalty offer is not incremental Promo  RLFP Offer: Buy 1 Can, Save $0.50 per can, max 5 cans ($2.50 total) per transaction + Grizzly MCE Save $0.50 on 2 or more, $1 off 1 can coupon","Here the all promo discounts and price is averaged across the entire purchase qty of the trigger UPC.  This is NOT ideal reporting b/c the coupon applies to only one unit in the market basket, and the RFLP offer to only 5 units. RAI asks you report as shown in d1. ",Store 459,1,1234 Main St,,Albuquerque,NM,87106,2022-07-18-22:06,45998766,1,1,7,3.00,00042100008715,GRIZZLY WNTRGRN LC,CAN,Y,,,,,,,542100130763,0.50,Y,2,0.50,,RJR Buydown,0.50,Grizzly MCE,3h4dff7862as7,20323,,,,,,,,,,,,,,,,,,,,,,,,,,,,,,,,,,,,,,,,,,,,,,,,,,,,,,,,,,,,,,,,,,,,,,,,,,,,,
,,,,,,,,,,,,,,,,,,,,,,,,,,,,,,,,,,,,,,,,,,,,,,,,,,,,,,,,,,,,,,,,,,,,,,,,,,,,,,,,,,,,,,,,,,,,,,,,,,,,,,,,,,,,,,,,,
,,,,,,,,,,,,,,,,,,,,,,,,,,,,,,,,,,,,,,,,,,,,,,,,,,,,,,,,,,,,,,,,,,,,,,,,,,,,,,,,,,,,,,,,,,,,,,,,,,,,,,,,,,,,,,,,,
 Reporting Option,NON-PROMOTED UPC for COMPARISON TO OFFER REPORTING EXAMPLES,,Store 459,1,1234 Main St,,Albuquerque,NM,87106,2022-07-18-22:41:00,459012345,1,1,1,20.00,42100008722,GRIZZLY WNTRGRN LC,ROLL,N,,,,,,,,,,,,,RJR Buydown,2.50,,,,,,,,,,,,,,,,,,,,,,,,,,,,,,,,,,,,,,,,,,,,,,,,,,,,,,,,,,,,,,,,,,,,,,,,,,,,,,,,
 Reporting Option,NON-PROMOTED UPC for COMPARISON TO OFFER REPORTING EXAMPLES,,Store 459,1,1234 Main St,,Albuquerque,NM,87106,2022-07-18-22:41:00,459012345,1,1,1,20.00,42100005448,GRIZZLY WINTERGREEN POUCHES,ROLL,N,,,,,,,,,,,,,RJR Buydown,2.50,,,,,,,,,,,,,,,,,,,,,,,,,,,,,,,,,,,,,,,,,,,,,,,,,,,,,,,,,,,,,,,,,,,,,,,,,,,,,,,,
50a,"Qty 1 Roll: RLFP Offer: Buy 1 Can, Save $0.50 per can, max 5 cans ($2.50 total) per transaction + Grizzly MCE Save $0.50 on 2 or more ($2.50/roll)","The offer item should have PROMO FLAG = Y  in field 17, offer discount reported in field 25, the offer description in field 34, and  the retailer's customer loyalty ID reported in field 33.",Store 459,1,1234 Main St,,Albuquerque,NM,87106,2022-07-18-22:02,459098765,1,1,1,15.00,42100008722,GRIZZLY WNTRGRN LC,ROLL,Y,,,,,,,,2.50,Y,2,2.50,,RJR Buydown,2.50,Grizzly MCE,3h4dff7862as7,20323,,,,,,,,,,,,,,,,,,,,,,,,,,,,,,,,,,,,,,,,,,,,,,,,,,,,,,,,,,,,,,,,,,,,,,,,,,,,,
,,,,,,,,,,,,,,,,,,,,,,,,,,,,,,,,,,,,,,,,,,,,,,,,,,,,,,,,,,,,,,,,,,,,,,,,,,,,,,,,,,,,,,,,,,,,,,,,,,,,,,,,,,,,,,,,,
50b,"Qty 3 Rolls Mix and Match - 2 rolls of Grizzly LCWG and one roll of Grizzly WG Pouch. RLFP Offer: Buy 1 Can, Save $0.50 per can, max 5 cans ($2.50 total) per transaction, Grizzly MCE Save $0.50 on 2 or more  ($2.50/roll)","The offer item should have PROMO FLAG = Y  in field 17, offer discount reported in field 25, the offer description in field 34, and  the retailer's customer loyalty ID reported in field 33.",Store 459,1,1234 Main St,,Albuquerque,NM,87106,2022-07-18-22:02,459098765,1,1,2,16.25,42100008722,GRIZZLY WNTRGRN LC,ROLL,Y,,,,,,,,1.25,Y,2,2.50,,RJR Buydown,2.50,Grizzly MCE,3h4dff7862as7,20323,,,,,,,,,,,,,,,,,,,,,,,,,,,,,,,,,,,,,,,,,,,,,,,,,,,,,,,,,,,,,,,,,,,,,,,,,,,,,
,,,Store 459,1,1234 Main St,,Albuquerque,NM,87106,2022-07-18-22:02,459098765,2,1,1,17.50,42100005448,GRIZZLY WINTERGREEN POUCHES,ROLL,Y,,,,,,,,,Y,2,2.50,,RJR Buydown,2.50,Grizzly MCE,3h4dff7862as7,,,,,,,,,,,,,,,,,,,,,,,,,,,,,,,,,,,,,,,,,,,,,,,,,,,,,,,,,,,,,,,,,,,,,,,,,,,,,,
,,,,,,,,,,,,,,,,,,,,,,,,,,,,,,,,,,,,,,,,,,,,,,,,,,,,,,,,,,,,,,,,,,,,,,,,,,,,,,,,,,,,,,,,,,,,,,,,,,,,,,,,,,,,,,,,,
51a,"Qty 4 Rolls. RLFP Offer: Buy 1 Can, Save $0.50 per can, max 5 cans ($2.50 total) per transaction + Grizzly MCE Save $0.50 on 2 or more ($2.50/roll), $1 off 1 can coupon; $1.00 off JBF when you buy 5 cans ","The offer items  should have PROMO FLAG = Y  in field 17. Split line reporting allows the coupon detail to apply only to one line item. Coupon UPC /PID in field 24, and coupon discount combined with RFLP offer discount reported in field 25, the RFLP offer  description in field 34, and the retailer's customer loyalty ID reported in field 33. MP details in fields 26,27, 28, 32; ",Store 459,1,1234 Main St,,Albuquerque,NM,87106,2022-07-18-22:02,45998769,1,1,1,14.00,42100008722,GRIZZLY WNTRGRN LC,ROLL,Y,,,,,,1.00,542100130763,3.50,Y,2,2.50,RJR JBF,RJR Buydown,2.50,Grizzly MCE,3h4dff7862as7,20323,,,,,,,,,,,,,,,,,,,,,,,,,,,,,,,,,,,,,,,,,,,,,,,,,,,,,,,,,,,,,,,,,,,,,,,,,,,,,
,,,Store 459,1,1234 Main St,,Albuquerque,NM,87106,2022-07-18-22:02,45998769,2,1,1,16.50,42100008722,GRIZZLY WNTRGRN LC,ROLL,Y,,,,,,1.00,,,Y,2,2.50,RJR JBF,RJR Buydown,2.50,Grizzly MCE,3h4dff7862as7,,,,,,,,,,,,,,,,,,,,,,,,,,,,,,,,,,,,,,,,,,,,,,,,,,,,,,,,,,,,,,,,,,,,,,,,,,,,,,
,,,Store 459,1,1234 Main St,,Albuquerque,NM,87106,2022-07-18-22:02,45998769,3,1,1,16.50,42100008722,GRIZZLY WNTRGRN LC,ROLL,Y,,,,,,1.00,,,Y,2,2.50,RJR JBF,RJR Buydown,2.50,Grizzly MCE,3h4dff7862as7,,,,,,,,,,,,,,,,,,,,,,,,,,,,,,,,,,,,,,,,,,,,,,,,,,,,,,,,,,,,,,,,,,,,,,,,,,,,,,
,,,Store 459,1,1234 Main St,,Albuquerque,NM,87106,2022-07-18-22:02,45998769,4,1,1,16.50,42100008722,GRIZZLY WNTRGRN LC,ROLL,Y,,,,,,1.00,,,Y,2,2.50,RJR JBF,RJR Buydown,2.50,Grizzly MCE,3h4dff7862as7,,,,,,,,,,,,,,,,,,,,,,,,,,,,,,,,,,,,,,,,,,,,,,,,,,,,,,,,,,,,,,,,,,,,,,,,,,,,,,
,,,,,,,,,,,,,,,,,,,,,,,,,,,,,,,,,,,,,,,,,,,,,,,,,,,,,,,,,,,,,,,,,,,,,,,,,,,,,,,,,,,,,,,,,,,,,,,,,,,,,,,,,,,,,,,,,
51b - also acceptable,"Qty 4 Rolls.  RLFP Offer: Buy 1 Can, Save $0.50 per can, max 5 cans ($2.50 total) per transaction + Grizzly MCE Save $0.50 on 2 or more ($2.50/roll), $1 off 1 can coupon; $1.00 off JBF when you buy 5 cans ","The offer items  should have PROMO FLAG = Y  in field 17. Split line reporting allows the coupon detail to apply only to one line item. Coupon UPC /PID in field 24, and coupon discount combined with RFLP offer discount reported in field 25, the RFLP offer  description in field 34, and the retailer's customer loyalty ID reported in field 33. MP details in fields 26,27, 28, 32; ",Store 459,1,1234 Main St,,Albuquerque,NM,87106,2022-07-18-22:02,45998769,1,1,1,14.00,42100008722,GRIZZLY WNTRGRN LC,ROLL,Y,,,,,,1.00,542100130763,3.50,Y,2,2.50,RJR JBF,RJR Buydown,2.50,Grizzly MCE,3h4dff7862as7,20323,,,,,,,,,,,,,,,,,,,,,,,,,,,,,,,,,,,,,,,,,,,,,,,,,,,,,,,,,,,,,,,,,,,,,,,,,,,,,
,,,Store 459,1,1234 Main St,,Albuquerque,NM,87106,2022-07-18-22:02,45998769,2,1,3,16.50,42100008722,GRIZZLY WNTRGRN LC,ROLL,Y,,,,,,1.00,,,Y,2,2.50,RJR JBF,RJR Buydown,2.50,Grizzly MCE,3h4dff7862as7,,,,,,,,,,,,,,,,,,,,,,,,,,,,,,,,,,,,,,,,,,,,,,,,,,,,,,,,,,,,,,,,,,,,,,,,,,,,,,
,,,,,,,,,,,,,,,,,,,,,,,,,,,,,,,,,,,,,,,,,,,,,,,,,,,,,,,,,,,,,,,,,,,,,,,,,,,,,,,,,,,,,,,,,,,,,,,,,,,,,,,,,,,,,,,,,
52,"USST Loyalty 
Save $.50 on the total transaction when you buy 2",,Store 1,1,1234 Main St,,Anytown,OH,45429,2018-01-05-19:41:00,123456,1,1,1,3.00,73100000553,Copenhagen WG Pouch,Can,N,,,,,,,,,,,,,,,,,,,,,,,,,,,,,,,,,,,,,,,,,,,,,,,,,,,,,,,,,,,,,,,,,,,,,,,,,,,,,,,,,,,,,,,,,,,,,,
,,,,,,,,,,,,,,,,,,,,,,,,,,,,,,,,,,,,,,,,,,,,,,,,,,,,,,,,,,,,,,,,,,,,,,,,,,,,,,,,,,,,,,,,,,,,,,,,,,,,,,,,,,,,,,,,,
,,,Store 1,1,1234 Main St,,Anytown,OH,45429,2018-01-05-19:41:00,123456,1,1,1,2.75,73100000553,Copenhagen WG Pouch,Can,Y,,,,,,,,0.25,,,,,USST Buydown,0.50,,123456789,USST Loyalty,,,,,,,,,,,,,,,,,,,,,,,,,,,,,,,,,,,,,,,,,,,,,,,,,,,,,,,,,,,,,,,,,,,,,,,,,,,,,
,,,Store 1,1,1234 Main St,,Anytown,OH,45429,2018-01-05-19:41:02,123456,2,1,1,2.75,73100000553,Copenhagen WG Pouch,Can,Y,,,,,,,,0.25,,,,,USST Buydown,0.50,,123456789,USST Loyalty,,,,,,,,,,,,,,,,,,,,,,,,,,,,,,,,,,,,,,,,,,,,,,,,,,,,,,,,,,,,,,,,,,,,,,,,,,,,,
,,,,,,,,,,,,,,,,,,,,,,,,,,,,,,,,,,,,,,,,,,,,,,,,,,,,,,,,,,,,,,,,,,,,,,,,,,,,,,,,,,,,,,,,,,,,,,,,,,,,,,,,,,,,,,,,,
,,,Store 1,1,1234 Main St,,Anytown,OH,45429,2018-01-05-19:41:00,123456,1,1,2,2.75,73100000553,Copenhagen WG Pouch,Can,Y,,,,,,,,0.25,,,,,USST Buydown,0.50,,123456789,USST Loyalty,,,,,,,,,,,,,,,,,,,,,,,,,,,,,,,,,,,,,,,,,,,,,,,,,,,,,,,,,,,,,,,,,,,,,,,,,,,,,